symbol,entrez,uniprot_accession
A1BG,1,P04217
A2M,2,P01023
SERPINA3,12,P01011
AADAC,13,P22760
ABAT,18,P80404
ABCA1,19,O95477
ABCA2,20,Q9BZC7
ABCA3,21,Q99758
AOC1,26,P19801
ABO,28,P16442
ABR,29,Q12979
ASIC1,41,P78348
ACP5,54,P13686
ACP3,55,P15309
ACTA2,59,P62736
ACTC1,70,P68032
ACTG2,72,P63267
ACTN1,87,P12814
ACVR1,90,Q04771
ADA,100,P00813
ADAM8,101,P78325
ADARB1,104,P78563
ADCY1,107,Q08828
ADCY6,112,O43306
ADCY7,113,P51828
ADCY9,115,O60503
ADCYAP1,116,P18509
ADD2,119,P35612
ADD3,120,Q9UEY8
PLIN2,123,Q99541
ADH1C,126,P00326
ADM,133,P35318
ADORA1,134,P30542
ADORA2A,135,P29274
ADORA2B,136,P29275
ADPRH,141,P54922
ADRA2C,152,P18825
ADRB2,154,P07550
GRK3,157,P35626
AEBP1,165,Q8IUX7
AFP,174,P02771
JAG1,182,P78504
AGT,183,P01019
NR0B1,190,P51843
AHR,196,P35869
AIF1,199,P55008
CRYBG1,202,Q9Y4K1
AK1,203,P00568
AK4,205,P27144
ALB,213,P02768
ALCAM,214,Q13740
ABCD1,215,P33897
ALDH1A1,216,P00352
ALDH2,217,P05091
ALDH3A1,218,P30838
ALDH1A3,220,P47895
ALDH3B1,221,P43353
ALDH3B2,222,P48448
ALDH3A2,224,P51648
ALDOC,230,P09972
AKR1B1,231,P15121
ALOX5,240,P09917
ALOX5AP,241,P20292
ALPL,249,P05186
ALPP,250,P05187
ALPG,251,P10696
AMBP,259,P02760
AMH,268,P03971
AMPD3,272,Q01432
AMPH,273,P49418
BIN1,274,O00499
AMY2B,280,P19961
ANG,283,P03950
ANGPT1,284,Q15389
ANK1,286,P16157
ANK2,287,Q01484
ANK3,288,Q12955
ANPEP,290,P15144
SLC25A4,291,P12235
ANXA1,301,P04083
ANXA2,302,P07355
ANXA3,306,P12429
ANXA4,307,P09525
ANXA5,308,P08758
ANXA6,309,P08133
ANXA13,312,P27216
AOAH,313,P28039
AOX1,316,Q06278
APBA2,321,Q99767
APBB1,322,O00213
APBB2,323,Q92870
BIRC3,330,Q13489
APLP1,333,P51693
APLP2,334,Q06481
APOA1,335,P02647
APOA2,336,P02652
APOC1,341,P02654
APOC2,344,P02655
APOD,347,P05090
APOE,348,P02649
APP,351,P05067
FAS,355,P25445
SHROOM2,357,Q13796
AQP1,358,P29972
AQP3,360,Q92482
AQP5,362,P55064
AR,367,P10275
ABCC6,368,O95255
AREG,374,P15514
ARL4D,379,P49703
ARG2,384,P78540
RHOB,388,P62745
RHOC,389,P08134
RND3,390,P61587
ARHGAP4,393,P98171
ARHGAP5,394,Q13017
ARHGDIB,397,P52566
ARHGDIG,398,Q99819
RHOH,399,Q15669
PHOX2A,401,O14813
ARRB1,408,P49407
STS,412,P08842
ARSD,414,P51689
ARSL,415,P51690
ARVCF,421,O00192
ASCL1,429,P50553
ASCL2,430,Q99929
ASNS,440,P08243
ASPH,444,Q12797
ASS1,445,P00966
ATF3,467,P18847
ATP1A3,478,P13637
ATP1B1,481,P05026
FXYD2,486,P54710
ATP2A3,489,Q93084
ATP2B4,493,P23634
ALDH7A1,501,P49419
ATP6V1B1,525,P15313
ATP6V1G2,534,O95670
ATP7B,540,P35670
KIF1A,547,Q12756
AXL,558,P30530
AZGP1,563,P25311
AZU1,566,P20160
B2M,567,P61769
ADGRB1,575,O14514
ADGRB2,576,O60241
BCAT1,586,P54687
BCHE,590,P06276
CCND1,595,P24385
BCL2,596,P10415
BCL2A1,597,Q16548
BCL3,602,P20749
BCL6,604,P41182
BCL7A,605,Q4VC05
TNFRSF17,608,Q02223
HCN2,610,Q9UL51
BDH1,622,Q02338
BDKRB1,623,P46663
BDKRB2,624,P30411
BDNF,627,P23560
CFB,629,P00751
BGN,633,P21810
CEACAM1,634,P13688
BIK,638,Q13323
PRDM1,639,O75626
BLK,640,P51451
BLMH,642,Q13867
BLVRA,644,P53004
BLVRB,645,P30043
BNC1,646,Q01954
BMP1,649,P13497
BMP2,650,P12643
BMP4,652,P12644
BMP6,654,P22004
BMP7,655,P18075
BMP8B,656,P34820
BNIP3,664,Q12983
BOK,666,Q9UMX3
DST,667,Q03001
ZFP36L1,677,Q07352
ZFP36L2,678,P47974
BST1,683,Q10588
BST2,684,Q10589
BTC,685,P35070
KLF9,687,Q13886
KLF5,688,Q13887
BTK,695,Q06187
TSPO,706,P30536
SERPING1,710,P05155
C1R,715,P00736
C1S,716,P09871
C2,717,P06681
C3,718,P01024
C4A,720,P0C0L4
C4BPB,725,P20851
CAPN5,726,O15484
MPPED2,744,Q15777
MYRF,745,Q9Y2G1
FMNL1,752,O95466
LDLRAD4,753,O15165
CA1,759,P00915
CA2,760,P00918
CA8,767,P35219
CA9,768,Q16790
CA11,770,O75493
CA12,771,O43570
CACNA1A,773,O00555
CACNA1C,775,Q13936
CACNA1D,776,Q01668
DDR1,780,Q08345
CACNA2D1,781,P54289
CALB1,793,P05937
CALB2,794,P22676
CALCB,797,P10092
CALD1,800,Q05682
CALML3,810,P27482
CALU,813,O43852
CAMK4,814,Q16566
CAMK2B,816,Q13554
CAMK2D,817,Q13557
CAPG,822,P40121
CAPN2,824,P17655
CAPN3,825,P20807
CAPS,828,Q13938
CAST,831,P20810
CASP1,834,P29466
CASP4,837,P49662
CASP8,841,Q14790
CASP10,843,Q92851
CAV1,857,Q03135
CAV2,858,P51636
RUNX2,860,Q13950
RUNX1,861,Q01196
RUNX1T1,862,Q06455
CBFA2T3,863,O75081
RUNX3,864,Q13761
CBLN1,869,P23435
SERPINH1,871,P50454
CBR1,873,P16152
CBR3,874,O75828
CBS,875,P35520
CCND2,894,P30279
CCND3,896,P30281
CD3D,915,P04234
CD3E,916,P07766
CD247,919,P20963
CD4,920,P01730
CD7,924,P09564
CD9,928,P21926
CD14,929,P08571
CD19,930,P15391
MS4A1,931,P11836
MS4A3,932,Q96HJ5
CD22,933,P20273
CD27,939,P26842
CD86,942,P42081
TNFRSF8,943,P28908
CD33,945,P20138
CD34,947,P28906
CD36,948,P16671
SCARB1,949,Q8WTV0
SCARB2,950,Q14108
CD37,951,P11049
CD38,952,P28907
ENTPD2,954,Q9Y5L3
CD40,958,P25942
CD44,960,P16070
CD47,961,Q08722
CD48,962,P09326
CD53,963,P19397
CD59,966,P13987
CD63,967,P08962
CD68,968,P34810
CD69,969,Q07108
CD70,970,P32970
CD72,971,P21854
CD74,972,P04233
CD79A,973,P11912
CD79B,974,P40259
CD81,975,P60033
ADGRE5,976,P48960
CD151,977,P48509
CDA,978,P32320
CDH1,999,P12830
CDH2,1000,P19022
CDH3,1001,P22223
CDH6,1004,P55285
CDH8,1006,P55286
CDH11,1009,P55287
CDH13,1012,P55290
CDH17,1015,Q12864
CDH18,1016,Q13634
CDK6,1021,Q00534
CDKN1A,1026,P38936
CDKN1C,1028,P49918
CDKN2B,1030,P42772
CDKN2C,1031,P42773
CDS1,1040,Q92903
CD52,1043,P31358
CDX1,1044,P47902
CDX2,1045,Q99626
CLGN,1047,O14967
CEACAM5,1048,P06731
CEBPA,1050,P49715
CEBPB,1051,P17676
CEBPD,1052,P49716
CES1,1066,P23141
CFL2,1073,Q9Y281
CTSC,1075,P53634
CFTR,1080,P13569
CGA,1081,P01215
FOXN3,1112,O00409
CHGA,1113,P10645
CHGB,1114,P05060
CHI3L1,1116,P36222
CHI3L2,1117,Q15782
CHN1,1123,P15882
CHN2,1124,P52757
LYST,1130,Q99698
CHRNA3,1136,P32297
CHRNA5,1138,P30532
CHRNA7,1139,P36544
CHRNB1,1140,P11230
CHRNB2,1141,P17787
CKB,1152,P12277
CISH,1154,Q9NSE2
CKMT1B,1159,P12532
CLU,1191,P10909
CLIC2,1193,O15247
CCR7,1236,P32248
ABCC2,1244,Q92887
CNN1,1264,P51911
CNN2,1265,Q99439
CNN3,1266,Q15417
CNR1,1268,P21554
CNTFR,1271,P26992
CNTN1,1272,Q12860
COL1A1,1277,P02452
COL1A2,1278,P08123
COL2A1,1280,P02458
COL3A1,1281,P02461
COL4A1,1282,P02462
COL4A2,1284,P08572
COL4A5,1287,P29400
COL4A6,1288,Q14031
COL5A1,1289,P20908
COL5A2,1290,P05997
COL6A1,1291,P12109
COL6A2,1292,P12110
COL6A3,1293,P12111
COL7A1,1294,Q02388
COL8A1,1295,P27658
COL9A2,1298,Q14055
COL9A3,1299,Q14050
COL11A1,1301,P12107
COL12A1,1303,Q99715
COL13A1,1305,Q5TAT6
COL15A1,1306,P39059
COL16A1,1307,Q07092
COL17A1,1308,Q9UMD9
KLF6,1316,Q99612
SLC31A2,1318,O15432
MAP3K8,1326,P41279
COX7A1,1346,P24310
CP,1356,P00450
CPE,1363,P16870
CLDN4,1364,O14493
CLDN3,1365,O15551
CLDN7,1366,O95471
CPM,1368,P14384
CPS1,1373,P31327
CPT1A,1374,P50416
CPT1B,1375,Q92523
CRABP1,1381,P29762
CRABP2,1382,P29373
CRAT,1384,P43155
CRIP1,1396,P50238
CRIP2,1397,P52943
CRMP1,1400,Q14194
HAPLN1,1404,P10915
CRYAB,1410,P02511
CRYM,1428,Q14894
CSF1,1435,P09603
CSF1R,1436,P07333
CSF2,1437,P04141
CSF2RA,1438,P15509
CSF2RB,1439,P32927
CSF3,1440,P09919
CSF3R,1441,Q99062
VCAN,1462,P13611
CSPG4,1464,Q6UVK1
CSRP1,1465,P21291
CSRP2,1466,Q16527
CST1,1469,P01037
CST3,1471,P01034
CST6,1474,Q15828
CSTA,1475,P01040
NKX2-5,1482,P52952
CTAG1B,1485,P78358
CTBP2,1488,P56545
CCN2,1490,P29279
CTH,1491,P32929
CTNNA1,1495,P35221
CTNND1,1500,O60716
CTNND2,1501,Q9UQB3
CTSB,1508,P07858
CTSD,1509,P07339
CTSE,1510,P14091
CTSG,1511,P08311
CTSH,1512,P09668
CTSK,1513,P43235
CTSL,1514,P07711
CTSV,1515,O60911
CTSO,1519,P43234
CTSS,1520,P25774
CTSZ,1522,Q9UBR2
CXADR,1525,P78310
CYB5A,1528,P00167
CYB561,1534,P49447
CYBA,1535,P13498
CYBB,1536,P04839
CYP1A1,1543,P04798
CYP1B1,1545,Q16678
CYP2J2,1573,P51589
CYP3A5,1577,P20815
CYP24A1,1591,Q07973
CYP27A1,1593,Q02318
DAB2,1601,P98082
DACH1,1602,Q9UI36
CD55,1604,P08174
DAG1,1605,Q14118
DGKA,1606,P23743
DGKG,1608,P49619
DAPK1,1612,P53355
DBN1,1627,Q16643
DCN,1634,P07585
ACE,1636,P12821
DCT,1638,P40126
DDC,1644,P20711
AKR1C1,1645,Q04828
AKR1C2,1646,P52895
GADD45A,1647,P24522
DEFB1,1672,P60022
CFD,1675,P00746
GSDME,1687,O60443
COCH,1690,O43405
DHCR7,1717,Q9UBM7
DHCR24,1718,Q15392
NQO1,1728,P15559
SEPTIN1,1731,Q8WYJ6
DIO2,1734,Q92813
DLG3,1741,Q92796
DLG4,1742,P78352
DLX1,1745,P56177
DLX2,1746,Q07687
DLX3,1747,O60479
DLX5,1749,P56178
DLX6,1750,P56179
DMBT1,1755,Q9UGM3
DMD,1756,P11532
DNM1,1759,Q05193
DMPK,1760,Q09013
DYNC1I1,1780,O14576
DNMT3A,1788,Q9Y6K1
DNTT,1791,P04053
DOCK1,1793,Q14185
DOCK2,1794,Q92608
DOK1,1796,Q99704
DPEP1,1800,P16444
DPP4,1803,P27487
DPYD,1806,Q12882
DPYSL2,1808,Q16555
DPYSL3,1809,Q14195
DRD2,1813,P14416
ARID3A,1820,Q99856
DSC2,1824,Q02487
DSC3,1825,Q14574
RCAN1,1827,P53805
DSG2,1829,Q14126
DSG3,1830,P32926
TSC22D3,1831,Q99576
DSP,1832,P15924
SLC26A2,1836,P50443
DTNA,1837,Q9Y4J8
HBEGF,1839,Q99075
DTX1,1840,Q86Y01
DUSP1,1843,P28562
DUSP2,1844,Q05923
DUSP4,1846,Q13115
DUSP5,1847,Q16690
DUSP6,1848,Q16828
DUSP8,1850,Q13202
DUSP9,1852,Q99956
E2F2,1870,Q14209
E2F5,1875,Q15329
EBF1,1879,Q9UH73
GPR183,1880,P32249
ECE1,1889,P42892
TYMP,1890,P19971
ECM1,1893,Q16610
S1PR1,1901,P21453
LPAR1,1902,Q92633
S1PR3,1903,Q99500
EDN1,1906,P05305
EDN2,1907,P20800
EDNRB,1910,P24530
EEF1A2,1917,Q05639
EFNA1,1942,P20827
EFNA5,1946,P52803
EFNB1,1947,P98172
EFNB2,1948,P52799
EFNB3,1949,Q15768
EGF,1950,P01133
CELSR3,1951,Q9NYQ7
CELSR2,1952,Q9HCU4
MEGF6,1953,O75095
EGFR,1956,P00533
EGR1,1958,P18146
EHHADH,1962,Q08426
EPHA2,1969,P29317
ELANE,1991,P08246
SERPINB1,1992,P30740
ELAVL2,1993,Q12926
ELAVL3,1995,Q14576
ELAVL4,1996,P26378
ELF3,1999,P78545
ELK3,2004,P41970
ELN,2006,P15502
EML1,2009,O00423
EMP1,2012,P54849
EMP2,2013,P54851
EMP3,2014,P54852
CTTN,2017,Q14247
ENG,2022,P17813
ENO2,2026,P09104
ENO3,2027,P13929
EPAS1,2034,Q99814
EPB41,2035,P11171
EPB41L1,2036,Q9H4G0
EPB41L2,2037,O43491
DMTN,2039,Q08495
STOM,2040,P27105
EPHA1,2041,P21709
EPHA3,2042,P29320
EPHA4,2043,P54764
EPHA7,2045,Q15375
EPHB1,2047,P54762
EPHB2,2048,P29323
EPHB3,2049,P54753
EPHB4,2050,P54760
EPHB6,2051,O15197
EPHX1,2052,P07099
EPHX2,2053,P34913
EPS8,2059,Q12929
ERBB2,2064,P04626
ERBB3,2065,P21860
EREG,2069,O14944
EYA4,2070,O95677
ERG,2078,P11308
ETFB,2109,P38117
ETS1,2113,P14921
ETS2,2114,P15036
ETV1,2115,P50549
ETV4,2118,P43268
ETV5,2119,P41161
EVC,2121,P57679
MECOM,2122,Q03112
EVI2A,2123,P22794
EVI2B,2124,P34910
EVPL,2125,Q92817
EXT1,2131,Q16394
EYA1,2138,Q99502
EYA2,2139,O00167
F2R,2149,P25116
F2RL1,2150,P55085
F2RL2,2151,O00254
F3,2152,P13726
F12,2161,P00748
FAAH,2166,O00519
FABP4,2167,P15090
FABP1,2168,P07148
FABP3,2170,P05413
FABP5,2171,Q01469
FABP6,2172,P51161
FABP7,2173,O15540
ACSL1,2180,P33121
ACSL4,2182,O60488
FAH,2184,P16930
PTK2B,2185,Q14289
FAP,2191,Q12884
FBLN1,2192,P23142
FAT1,2195,Q14517
FAT2,2196,Q9NYQ8
FBLN2,2199,P98095
FBN1,2200,P35555
FBN2,2201,P35556
EFEMP1,2202,Q12805
FBP1,2203,P09467
FCER1G,2207,P30273
FCER2,2208,P06734
FCGR2A,2212,P12318
FCGR2B,2213,P31994
FCGRT,2217,P55899
GPC4,2239,O75487
FES,2242,P07332
FGA,2243,P02671
FGB,2244,P02675
FGD1,2245,P98174
FGF1,2246,P05230
FGF2,2247,P09038
FGF5,2250,P12034
FGF7,2252,P21781
FGF9,2254,P31371
FGF11,2256,Q92914
FGF12,2257,P61328
FGF13,2258,Q92913
FGFR1,2260,P11362
FGFR3,2261,P22607
FGFR2,2263,P21802
FGFR4,2264,P22455
FGG,2266,P02679
FGL1,2267,Q08830
FGR,2268,P09769
FHL1,2273,Q13642
FHL2,2274,Q14192
FHL3,2275,Q13643
FKBP1B,2281,P68106
FKBP5,2289,Q13451
FOXG1,2290,P55316
FOXF2,2295,Q12947
FOXC1,2296,Q12948
FOXD1,2297,Q16676
FOXL1,2300,Q12952
FOXJ1,2302,Q92949
FOXC2,2303,Q99958
FOXE1,2304,O00358
FOXO1,2308,Q12778
FLG,2312,P20930
FLI1,2313,Q01543
MLANA,2315,Q16655
FLNA,2316,P21333
FLNB,2317,O75369
FLNC,2318,Q14315
FLT1,2321,P17948
FLT4,2324,P35916
FMOD,2331,Q06828
FN1,2335,P02751
FOLR1,2348,P15328
FOS,2353,P01100
FOSB,2354,P53539
FOSL2,2355,P15408
FTH1,2495,P02794
FTL,2512,P02792
FUCA1,2517,P04066
FUCA2,2519,Q9BTY2
FUT1,2523,P19526
FUT2,2524,Q10981
FUT3,2525,P21217
FUT4,2526,P22083
FUT8,2530,Q9BYC5
FYB1,2533,O15117
FYN,2534,P06241
FZD2,2535,Q14332
IFI6,2537,P09912
G6PD,2539,P11413
GAGE1,2543,P0DTW1
GAA,2548,P10253
GAB1,2549,Q13480
GABBR1,2550,Q9UBS5
GABRA3,2556,P34903
GABRB3,2562,P28472
GABRE,2564,P78334
GABRP,2568,O00591
GAD1,2571,Q99259
GALC,2581,P54803
B4GALNT1,2583,Q00973
GALNT3,2591,Q14435
GAMT,2593,Q14353
GAP43,2596,P17677
GAS1,2619,P54826
GAS2,2620,O43903
GAS6,2621,Q14393
GAS8,2622,O95995
GATA2,2624,P23769
GATA3,2625,P23771
GATA4,2626,P43694
GATA6,2627,Q92908
GATM,2628,P50440
GBE1,2632,Q04446
GBP1,2633,P32455
GBP2,2634,P32456
GBP3,2635,Q9H0R5
GCH1,2643,P30793
GCHFR,2644,P30047
GCNT1,2650,Q02742
GCNT2,2651,Q8N0V5
GDNF,2668,P39905
GEM,2669,P55040
GFI1,2672,Q99684
GFRA1,2674,P56159
GGT1,2678,P19440
B4GALT1,2683,P15291
GGT7,2686,Q9UJ14
GGT5,2687,P36269
GIPR,2696,P48546
GJA1,2697,P17302
GJA5,2702,P36382
GJB1,2705,P08034
GJB2,2706,P29033
GJB3,2707,O75712
GJB5,2709,O95377
GPC3,2719,P51654
GCLC,2729,P48506
GCLM,2730,P48507
GLDC,2731,P23378
GLI1,2735,P08151
GLI2,2736,P10070
GLI3,2737,P10071
GLRB,2743,P48167
GLRX,2745,P35754
GLUL,2752,P15104
GMPR,2766,P36959
GNA11,2767,P29992
GNA15,2769,P30679
GNAI1,2770,P63096
GNAO1,2775,P09471
GNAQ,2776,P50148
GNAZ,2781,P19086
GNG4,2786,P50150
GNG7,2788,O60262
GNG11,2791,P61952
GNGT2,2793,O14610
SFN,2810,P31947
GPC1,2817,P35052
GPD2,2820,P43304
GPM6A,2823,P51674
GPM6B,2824,Q13491
CMKLR2,2825,P46091
CCR10,2826,P46092
GPR15,2838,P49685
GPR18,2841,Q14330
GPR27,2850,Q9NS67
GPR35,2859,Q9HC97
GPR39,2863,O43194
GPX1,2876,P07203
GPX2,2877,P18283
GPX3,2878,P22352
GPX7,2882,Q96SL4
GRB7,2886,Q14451
GRB10,2887,Q13322
GRB14,2888,Q14449
GRIK2,2898,Q13002
GRIK3,2899,Q13003
GRIK5,2901,Q16478
GRIN1,2902,Q05586
GRIN2D,2906,O15399
NR3C1,2908,P04150
CXCL1,2919,P09341
CXCL2,2920,P19875
CXCL3,2921,P19876
GRP,2922,P07492
GSN,2934,P06396
GSTA1,2938,P08263
GSTA4,2941,O15217
GSTM1,2944,P09488
GSTM2,2946,P28161
GSTM3,2947,P21266
GSTM4,2948,Q03013
GSTP1,2950,P09211
GUCY1A1,2982,Q02108
GUCY1B1,2983,Q02153
GYPC,2995,P04921
GZMB,3002,P10144
H1-0,3005,P07305
H1-2,3006,P16403
HAS2,3037,Q92819
HAS3,3038,O00219
HBA1,3039,P69905
HBA2,3040,P69905
HBB,3043,P68871
HBE1,3046,P02100
HBG2,3048,P69892
HCK,3055,P08631
HCLS1,3059,P14317
HDC,3067,P19113
NCKAP1L,3071,P55160
CFH,3075,P08603
HFE,3077,Q30201
HGD,3081,Q93099
HGF,3082,P14210
NRG1,3084,Q02297
HHEX,3087,Q03014
HIF1A,3091,Q16665
HIP1,3092,O00291
HK1,3098,P19367
HK2,3099,P52789
HLA-A,3105,P04439
HLA-B,3106,P01889
HLA-C,3107,P10321
HLA-DMA,3108,P28067
HLA-DMB,3109,P28068
MNX1,3110,P50219
HLA-DOA,3111,P06340
HLA-DOB,3112,P13765
HLA-DPA1,3113,P20036
HLA-DPB1,3115,P04440
HLA-DQA1,3117,P01909
HLA-DQB1,3119,P01920
HLA-DRA,3122,P01903
HLA-DRB1,3123,P01911
HLA-DRB5,3127,Q30154
HLA-E,3133,P13747
HLA-F,3134,P30511
MR1,3140,Q95460
HLX,3142,Q14774
HMGCS1,3157,Q01581
HMGCS2,3158,P54868
HMGA1,3159,P17096
HMOX1,3162,P09601
NR4A1,3164,P22736
FOXA1,3169,P55317
FOXA2,3170,Q9Y261
FOXA3,3171,P55318
HNF4A,3172,P41235
HNF4G,3174,Q14541
HNMT,3176,P50135
SLC29A2,3177,Q14542
TLX2,3196,O43763
HOXA3,3200,O43365
HOXA4,3201,Q00056
HOXA5,3202,P20719
HOXA6,3203,P31267
HOXA7,3204,P31268
HOXA9,3205,P31269
HOXA10,3206,P31260
HOXA11,3207,P31270
HPCA,3208,P84074
HOXA13,3209,P31271
HOXB2,3212,P14652
HOXB3,3213,P14651
HOXB4,3214,P17483
HOXB5,3215,P09067
HOXB6,3216,P17509
HOXB7,3217,P09629
HOXB8,3218,P17481
HOXB9,3219,P17482
HOXC4,3221,P09017
HOXC6,3223,P09630
HOXC8,3224,P31273
HOXC9,3225,P31274
HOXC10,3226,Q9NYD6
HOXC11,3227,O43248
HOXC13,3229,P31276
HOXD4,3233,P09016
HOXD8,3234,P13378
HOXD9,3235,P28356
HOXD10,3236,P28358
HOXD11,3237,P31277
HOXD13,3239,P35453
HPCAL1,3241,P37235
HPGD,3248,P15428
HPN,3249,P05981
HRH1,3269,P35367
HES1,3280,Q14469
HSD11B2,3291,P80365
HSD17B2,3294,P37059
HSPA2,3306,P54652
HSPB1,3315,P04792
HSPB2,3316,Q16082
IGSF3,3321,O75054
HSPG2,3339,P98160
NDST1,3340,P52848
HTR7,3363,P34969
TNC,3371,P24821
HYAL1,3373,Q12794
ICA1,3382,Q05084
ICAM1,3383,P05362
ICAM2,3384,P13598
ICAM3,3385,P32942
ICAM4,3386,Q14773
IRF8,3394,Q02556
ID1,3397,P41134
ID2,3398,Q02363
ID3,3399,Q02535
ID4,3400,P47928
IDH2,3418,P48735
IDUA,3425,P35475
CFI,3426,P05156
IFI16,3428,Q16666
IFI27,3429,P40305
IFI35,3430,P80217
SP110,3431,Q9HB58
IFIT2,3433,P09913
IFIT1,3434,P09914
IFIT3,3437,O14879
IGF1R,3480,P08069
IGF2,3481,P01344
IGFBP1,3484,P08833
IGFBP2,3485,P18065
IGFBP3,3486,P17936
IGFBP4,3487,P22692
IGFBP5,3488,P24593
IGFBP6,3489,P24592
IGFBP7,3490,Q16270
CCN1,3491,O00622
JCHAIN,3512,P01591
IGLL1,3543,P15814
IL1A,3552,P01583
IL1B,3553,P01584
IL1R1,3554,P14778
IL1RAP,3556,Q9NPH3
IL1RN,3557,P18510
IL2RB,3560,P14784
IL2RG,3561,P31785
IL4R,3566,P24394
IL6,3569,P05231
IL6R,3570,P08887
IL6ST,3572,P40189
IL7,3574,P13232
IL7R,3575,P16871
CXCL8,3576,P10145
IL10RA,3587,Q13651
IL11,3589,P20809
IL11RA,3590,Q14626
IL12RB1,3594,P42701
IL12RB2,3595,Q99665
IL13RA1,3597,P78552
IL13RA2,3598,Q14627
IL15,3600,P40933
IL15RA,3601,Q13261
IL16,3603,Q14005
TNFRSF9,3604,Q07011
IL18,3606,Q14116
IMPA2,3613,O14732
INHBA,3624,P08476
INHBB,3625,P09529
CXCL10,3627,P02778
INPP1,3628,P49441
INPP5D,3635,Q92835
INSIG1,3638,O15503
INSM1,3642,Q01101
INSR,3643,P06213
ITGA6,3655,P23229
IRAK2,3656,O43187
IRF1,3659,P10914
IRF4,3662,Q15306
IRF5,3663,Q13568
IRF6,3664,O14896
IRF7,3665,Q92985
IRS1,3667,P35568
ISG20,3669,Q96AZ6
ISL1,3670,P61371
ISLR,3671,O14498
ITGA1,3672,P56199
ITGA2,3673,P17301
ITGA2B,3674,P08514
ITGA3,3675,P26006
ITGA4,3676,P13612
ITGA5,3678,P08648
ITGA7,3679,Q13683
ITGAL,3683,P20701
ITGAV,3685,P06756
ITGAX,3687,P20702
ITGB1,3688,P05556
ITGB2,3689,P05107
ITGB3,3690,P05106
ITGB4,3691,P16144
ITGB5,3693,P18084
ITGB6,3694,P18564
ITGB7,3695,P26010
ITGB8,3696,P26012
ITPKA,3706,P23677
ITPKB,3707,P27987
ITPR1,3708,Q14643
ITPR2,3709,Q14571
ITPR3,3710,Q14573
IVL,3713,P07476
JAG2,3714,Q9Y219
JAK3,3718,P52333
JUN,3725,P05412
JUNB,3726,P17275
JUP,3728,P14923
ANOS1,3730,P23352
CD82,3732,P27701
KCNC3,3748,Q14003
KCNG1,3755,Q9UIX4
KCNH2,3757,Q12809
KCNJ11,3767,Q14654
KCNJ15,3772,Q99712
KCNJ16,3773,Q9NPI9
KCNK1,3775,O00180
KCNK2,3776,O95069
KCNK3,3777,O14649
KCNMA1,3778,Q12791
KCNN4,3783,O15554
KCNQ1,3784,P51787
KCNQ2,3785,O43526
KCNS3,3790,Q9BQ31
KHK,3795,P50053
KIF3C,3797,O14782
KIF5A,3798,Q12840
KIF5C,3800,O60282
KIFC3,3801,Q9BVG8
KISS1,3814,Q15726
KIT,3815,P10721
KLK1,3816,P06870
KLRC2,3822,P26717
KRT4,3851,P19013
KRT5,3852,P13647
KRT6A,3853,P02538
KRT6B,3854,P04259
KRT7,3855,P08729
KRT8,3856,P05787
KRT13,3860,P13646
KRT14,3861,P02533
KRT15,3866,P19012
KRT16,3868,P08779
KRT17,3872,Q04695
KRT18,3875,P05783
KRT19,3880,P08727
KRT34,3885,O76011
KRT81,3887,Q14533
KRT86,3892,O43790
L1CAM,3897,P32004
LAD1,3898,O00515
AFF3,3899,P51826
LAIR1,3903,Q6GTX8
LAMA3,3909,Q16787
LAMA4,3910,Q16363
LAMA5,3911,O15230
LAMB1,3912,P07942
LAMB2,3913,P55268
LAMB3,3914,Q13751
LAMC1,3915,P11047
LAMC2,3918,Q13753
LCK,3932,P06239
LCN2,3934,P80188
LCP1,3936,P13796
LCP2,3937,Q13094
LDHB,3945,P07195
LEPR,3953,P48357
LFNG,3955,Q8NES3
LGALS1,3956,P09382
LGALS3,3958,P17931
LGALS3BP,3959,Q08380
LGALS4,3960,P56470
LGALS9,3965,O00182
LHX1,3975,P48742
LIF,3976,P15018
LIFR,3977,P42702
ABLIM1,3983,O14639
LIPA,3988,P38571
LIPC,3990,P11150
LIPE,3991,Q05469
FADS1,3992,O60427
LLGL2,3993,Q6P1M3
FADS3,3995,Q9Y5Q0
LMNA,4000,P02545
LMO2,4005,P25791
LMO7,4008,Q8WWI1
VWA5A,4013,O00534
LOX,4015,P28300
LOXL1,4016,Q08397
LOXL2,4017,Q9Y4K0
LPL,4023,P06858
IRAG2,4033,Q12912
LRP1,4035,Q07954
LRP3,4037,O75074
LRP4,4038,O75096
LRP5,4041,O75197
LSAMP,4045,Q13449
LSP1,4046,P33241
LTA,4049,P01374
LTB,4050,Q06643
CYP4F3,4051,Q08477
LTBP1,4052,Q14766
LTBP2,4053,Q14767
LTBP3,4054,Q9NS15
LTBR,4055,P36941
LTK,4058,P29376
BCAM,4059,P50895
LUM,4060,P51884
LY6E,4061,Q16553
LY9,4063,Q9HBG7
LY75,4065,O60449
LYL1,4066,P12980
LYN,4067,P07948
SH2D1A,4068,O60880
LYZ,4069,P61626
TACSTD2,4070,P09758
TM4SF1,4071,P30408
EPCAM,4072,P16422
MAB21L1,4081,Q13394
MARCKS,4082,P29966
SMAD1,4086,Q15797
SMAD3,4088,P84022
SMAD4,4089,Q13485
SMAD6,4091,O43541
SMAD7,4092,O15105
SMAD9,4093,O15198
MAF,4094,O75444
MAGEA1,4100,P43355
MAGEA2,4101,P43356
MAGEA3,4102,P43357
MAGEA4,4103,P43358
MAGEA6,4105,P43360
MAGEA10,4109,P43363
MAGEA11,4110,P43364
MAGEA12,4111,P43365
MAGEB2,4113,O15479
MAL,4118,P21145
MAN1A1,4121,P33908
MAOA,4128,P21397
MAOB,4129,P27338
MAP1A,4130,P78559
MAP1B,4131,P46821
MAP2,4133,P11137
MAP6,4135,Q96JE9
MAPT,4137,P10636
MARK1,4139,Q9P0L2
MATK,4145,P42679
MATN2,4147,O00339
MATN3,4148,O15232
MB,4151,P02144
MBP,4155,P02686
MC1R,4157,Q01726
MCAM,4162,P43121
MCC,4163,P23508
MDFI,4188,Q99750
MDK,4192,P21741
ME1,4199,P48163
MEF2C,4208,Q06413
MEIS1,4211,O00470
MEIS2,4212,O14770
MEST,4232,Q5EB52
MET,4233,P08581
MFAP2,4237,P55001
MFAP4,4239,P55083
MFGE8,4240,Q08431
MELTF,4241,P08582
MFNG,4242,O00587
MGAT3,4248,Q09327
SCGB2A2,4250,Q13296
KITLG,4254,P21583
MGMT,4255,P16455
MGP,4256,P08493
MGST1,4257,P10620
MGST2,4258,Q99735
MGST3,4259,O14880
CIITA,4261,P33076
CD99,4267,P14209
MICB,4277,Q29980
MID1,4281,O15344
MITF,4286,O75030
MLF1,4291,P58340
MAP3K9,4293,P80192
MLLT3,4300,P42568
AFDN,4301,P55196
MME,4311,P08473
MMP1,4312,P03956
MMP2,4313,P08253
MMP3,4314,P08254
MMP7,4316,P09237
MMP8,4317,P22894
MMP10,4319,P09238
MMP11,4320,P24347
MMP13,4322,P45452
MMP14,4323,P50281
MMP15,4324,P51511
MMP16,4325,P51512
MMP17,4326,Q9ULZ9
MOCS1,4337,Q9NZB8
CD200,4345,P41217
MPO,4353,P05164
MPP1,4354,Q00013
MPP2,4355,Q14168
MPP3,4356,Q13368
MPZ,4359,P25189
MYO1B,4430,O43795
CITED1,4435,Q99966
MSI1,4440,O43347
MSN,4478,P26038
MST1R,4486,Q04912
MSX1,4487,P28360
MSX2,4488,P35548
MT1A,4489,P04731
MT1E,4493,P04732
MT1F,4494,P04733
MT1G,4495,P13640
MT1M,4499,Q8N339
MT1X,4501,P80297
MT2A,4502,P02795
MT3,4504,P25713
MTAP,4507,Q13126
MYO1F,4542,O00160
MUC1,4582,P15941
MUC3A,4584,Q02505
MUC4,4585,Q99102
MUC5AC,4586,P98088
MX1,4599,P20591
MX2,4600,P20592
MYB,4602,P10242
MYBL1,4603,P10243
MYC,4609,P01106
MYCL,4610,P12524
MYCN,4613,P04198
MYD88,4615,Q99836
GADD45B,4616,O75293
MYH10,4628,P35580
MYL4,4635,P12829
MYLK,4638,Q15746
MYO1A,4640,Q9UBC5
MYO1C,4641,O00159
MYO1D,4642,O94832
MYO1E,4643,Q12965
MYO5A,4644,Q9Y4I1
MYO5B,4645,Q9ULV0
MYO6,4646,Q9UM54
MYO7B,4648,Q6PIF6
MYO10,4651,Q9HD67
MYT1,4661,Q01538
NAP1L3,4675,Q99457
CEACAM6,4680,P40199
NBL1,4681,P41271
NCAM1,4684,P13591
NCAM2,4685,O15394
NCF2,4688,P19878
NCF4,4689,Q15080
NDN,4692,Q99608
NEDD4,4734,P46934
NEDD9,4739,Q14511
NEFM,4741,P07197
NEFH,4744,P12036
NELL1,4745,Q92832
NEFL,4747,P07196
NEK3,4752,P51956
NELL2,4753,Q99435
NEO1,4756,Q92859
NEU1,4758,Q99519
NEUROD1,4760,Q13562
NFATC1,4772,O95644
NFATC2,4773,Q13469
NFIA,4774,Q12857
NFATC4,4776,Q14934
NFE2,4778,Q16621
NFIB,4781,O00712
NFIC,4782,P08651
NFIX,4784,Q14938
NFKB2,4791,Q00653
NGF,4803,P01138
NGFR,4804,P08138
NHS,4810,Q6T4R5
NID1,4811,P14543
NINJ1,4814,Q92982
NINJ2,4815,Q9NZG7
NKG7,4818,Q16617
NKX3-1,4824,Q99801
NNAT,4826,Q16517
NMB,4828,P08949
NME3,4832,Q13232
NME4,4833,O00746
NQO2,4835,P16083
NNMT,4837,P40261
NOS3,4846,P29474
NOTCH1,4851,P46531
NPY,4852,P01303
NOTCH2,4853,Q04721
NOTCH3,4854,Q9UM47
CCN3,4856,P48745
NOVA1,4857,P51513
NPAS2,4862,Q99743
NPPB,4879,P16860
NPR2,4882,P20594
NPR3,4883,P17342
NPTX1,4884,Q15818
NPTX2,4885,P47972
NPY1R,4886,P25929
NRCAM,4897,Q92823
NRGN,4900,Q92686
NT5E,4907,P21589
NTF3,4908,P20783
NTF4,4909,P34130
ROR1,4919,Q01973
ROR2,4920,Q01974
DDR2,4921,Q16832
NTS,4922,P30990
NTSR1,4923,P30989
NUCB2,4925,P80303
NR4A2,4929,P43354
GPR143,4935,P51810
OAS1,4938,P00973
OAS2,4939,P29728
OAS3,4940,Q9Y6K5
OAT,4942,P04181
ODC1,4953,P11926
OLR1,4973,P78380
TNFRSF11B,4982,O00300
OPHN1,4983,O60890
SLC22A18,5002,Q96BI1
ORM1,5004,P02763
CLDN11,5010,O75508
OVOL1,5017,O14753
OXCT1,5019,P55809
OXTR,5021,P30559
P2RX1,5023,P51575
P2RX5,5026,Q93086
P2RX7,5027,Q99572
P2RY1,5028,P47900
P2RY2,5029,P41231
P2RY6,5031,Q15077
FURIN,5045,P09958
PCSK6,5046,P29122
SERPINE1,5054,P05121
SERPINB2,5055,P05120
PAK1,5058,Q13153
PALM,5064,O75781
PAM,5066,P19021
PAPPA,5069,Q13219
PAWR,5074,Q96IZ0
PAX3,5077,P23760
PAX5,5079,Q02548
PAX6,5080,P26367
PAX9,5083,P55771
PBX1,5087,P40424
PBX3,5090,P40426
PCBD1,5092,P61457
PCDH1,5097,Q08174
PCDH7,5099,O60245
PCDH9,5101,Q9HC56
SERPINA5,5104,P05154
PCK2,5106,Q16822
PCOLCE,5118,Q15113
PCP4,5121,P48539
PCSK1,5122,P29120
PCSK5,5125,Q92824
PCSK2,5126,P16519
CDK18,5129,Q07002
PDE1C,5137,Q14123
PDE2A,5138,O00408
PDE3A,5139,Q14432
PDE3B,5140,Q13370
PDE4A,5141,P27815
PDE4B,5142,Q07343
PDE4D,5144,Q08499
PDE7A,5150,Q13946
PDE9A,5152,O76083
PDE1B,5153,Q01064
PDGFA,5154,P04085
PDGFB,5155,P01127
PDGFRA,5156,P16234
PDGFRL,5157,Q15198
PDE6B,5158,P35913
PDGFRB,5159,P09619
PDK2,5164,Q15119
PDK4,5166,Q16654
ENPP1,5167,P22413
ENPP2,5168,Q13822
PDZK1,5174,Q5T2W1
PECAM1,5175,P16284
SERPINF1,5176,P36955
PEG3,5178,Q9GZU2
PENK,5179,P01210
ATP8B1,5205,O43520
PFKFB2,5208,O60825
PFKFB3,5209,Q16875
PFKFB4,5210,Q16877
PFKM,5213,P08237
PFKP,5214,Q01813
PFN2,5217,P35080
CDK14,5218,O94921
PGF,5228,P49763
PGM1,5236,P36871
ABCB1,5243,P08183
PHKA1,5255,P46020
SERPINA1,5265,P01009
PI3,5266,P19957
SERPINB5,5268,P36952
SERPINB6,5269,P35237
SERPINE2,5270,P07093
SERPINB8,5271,P50452
SERPINB9,5272,P50453
SERPINI1,5274,Q99574
SERPINB13,5275,Q9UIV8
PIGR,5284,P01833
PIK3C2B,5287,O00750
PIM1,5292,P11309
PIK3CD,5293,O00329
PIK3CG,5294,P48736
PITX1,5307,P78337
PITX2,5308,Q99697
PKD2,5311,Q13563
PKP1,5317,Q13835
PKP2,5318,Q99959
PLA2G2A,5320,P14555
PLA2G4A,5321,P47712
PLAGL1,5325,Q9UM63
PLAT,5327,P00750
PLAU,5328,P00749
PLAUR,5329,Q03405
PLCB2,5330,Q00722
PLCB4,5332,Q15147
PLCG2,5336,P16885
PLD1,5337,Q13393
PLEC,5339,Q15149
PLEK,5341,P08567
FXYD3,5349,Q14802
PLOD1,5351,Q02809
PLOD2,5352,O00469
PLP1,5354,P60201
PLP2,5355,Q04941
PLS1,5357,Q14651
PLS3,5358,P13797
PLSCR1,5359,O15162
PLTP,5360,P55058
PLXNA1,5361,Q9UIW2
PLXNA2,5362,O75051
PLXNB1,5364,O43157
PLXNB3,5365,Q9ULL4
PMAIP1,5366,Q13794
PNOC,5368,Q13519
PMP22,5376,Q01453
PRRX1,5396,P54821
SEPTIN5,5413,Q99719
SEPTIN4,5414,O43236
PODXL,5420,O00592
PON2,5445,Q15165
PON3,5446,Q15166
POU2AF1,5450,Q16633
POU2F2,5452,P09086
POU3F2,5454,P20265
POU3F3,5455,P20264
POU4F1,5457,Q01851
PPARG,5468,P37231
CTSA,5476,P10619
PPIC,5480,P45877
PPL,5493,O60437
PPP1R3C,5507,Q9UQK1
PPP2R2B,5521,Q00005
PPP2R2C,5522,Q9Y2T4
PPP2R3A,5523,Q06190
PRF1,5551,P14222
SRGN,5552,P10124
PRG2,5553,P13727
PRKAA2,5563,P54646
PRKACB,5567,P22694
PKIA,5569,P61925
PKIB,5570,Q9C010
PRKAR2B,5577,P31323
PRKCA,5578,P17252
PRKCB,5579,P05771
PRKCD,5580,Q05655
PRKCE,5581,Q02156
PRKCH,5583,P24723
PRKD1,5587,Q15139
PRKCQ,5588,Q04759
PRKCZ,5590,Q05513
MAPK11,5600,Q15759
MAPK10,5602,P53779
MAPK13,5603,O15264
MAP2K6,5608,P52564
PRKX,5613,P51817
PRLR,5618,P16471
PRODH,5625,O43272
PROS1,5627,P07225
PROX1,5629,Q92786
PRPH,5630,P41219
PRRG1,5638,O14668
PRRG2,5639,O14669
LGMN,5641,Q99538
PRSS1,5644,P07477
PRSS2,5645,P07478
PRSS3,5646,P35030
RELN,5649,P78509
KLK7,5650,P49862
PRSS8,5652,Q16651
KLK6,5653,Q92876
HTRA1,5654,Q92743
KLK10,5655,O43240
PRTN3,5657,P24158
PSEN2,5664,P49810
PSG1,5669,P11464
PSG4,5672,Q00888
PSG5,5673,Q15238
PSMB8,5696,P28062
PSMB9,5698,P28065
PTAFR,5724,P25105
PTCH1,5727,Q13635
PTGDS,5730,P41222
PTGER2,5732,P43116
PTGER4,5734,P35408
PTGFRN,5738,Q9P2B2
PTGIS,5740,Q16647
PTGS1,5742,P23219
PTGS2,5743,P35354
PTHLH,5744,P12272
PTK2,5747,Q05397
PTK6,5753,Q13882
PTK7,5754,Q13308
PTMS,5763,P20962
PTN,5764,P21246
QSOX1,5768,O00391
PTPN3,5774,P26045
PTPN6,5777,P29350
PTPN7,5778,P35236
PTPN13,5783,Q12923
PTPN14,5784,Q15678
PTPRC,5788,P08575
PTPRD,5789,P23468
PTPRCAP,5790,Q14761
PTPRE,5791,P23469
PTPRF,5792,P10586
PTPRG,5793,P23470
PTPRH,5794,Q9HD43
PTPRJ,5795,Q12913
PTPRK,5796,Q15262
PTPRM,5797,P28827
PTPRN,5798,Q16849
PTPRN2,5799,Q92932
PTPRO,5800,Q16827
PTPRR,5801,Q15256
PTPRS,5802,Q13332
PTPRZ1,5803,P23471
PTX3,5806,P26022
PVR,5817,P15151
NECTIN1,5818,Q15223
NECTIN2,5819,Q92692
PXN,5829,P49023
PYCR1,5831,P32322
PYGB,5834,P11216
PYGL,5836,P06737
RAB3A,5864,P20336
RAB3B,5865,P20337
RAB3IL1,5866,Q8TBN0
RAB4A,5867,P20338
RAB13,5872,P51153
RAB27A,5873,P51159
RAB27B,5874,O00194
RAC2,5880,P15153
RAC3,5881,P60763
MOK,5891,Q9UQ07
RAG1,5896,P15918
RAP1GAP,5909,P47736
RARB,5915,P10826
RARG,5916,P13631
RARRES1,5918,P49788
RARRES2,5919,Q99969
PLAAT4,5920,Q9UL19
RBMS1,5937,P29558
RBMS2,5939,Q15434
RBP1,5947,P09455
RBP4,5950,P02753
RCN1,5954,Q15293
RDX,5962,P35241
RELB,5971,Q01201
RENBP,5973,P51606
RET,5979,P07949
RGS1,5996,Q08116
RGS2,5997,P41220
RGS3,5998,P49796
RGS4,5999,P49798
RGS10,6001,O43665
RGS12,6002,O14924
RGS13,6003,O14921
RGS16,6004,O15492
RHAG,6005,Q02094
RNASE1,6035,P07998
RNASE2,6036,P10153
RNASE4,6038,P34096
ROBO1,6091,Q9Y6N7
ROBO2,6092,Q9HCK4
RORA,6095,P35398
RORC,6097,P51449
RPS4Y1,6192,P22090
RPS6KA1,6195,Q15418
RPS6KA2,6196,Q15349
RRAD,6236,P55042
RRAS,6237,P10301
RRBP1,6238,Q9P2E9
RTKN,6242,Q9BST9
RTN1,6252,Q16799
RTN2,6253,O75298
RXRA,6256,P19793
RXRG,6258,P48443
S100A1,6271,P23297
SORT1,6272,Q99523
S100A2,6273,P29034
S100A3,6274,P33764
S100A4,6275,P26447
S100A6,6277,P06703
S100A7,6278,P31151
S100A8,6279,P05109
S100A9,6280,P06702
S100A10,6281,P60903
S100A11,6282,P31949
S100A13,6284,Q99584
S100B,6285,P04271
S100P,6286,P25815
SAA1,6288,P0DJI8
SAA2,6289,P0DJI9
ACSM3,6296,Q53FZ2
SALL2,6297,Q9Y467
SALL1,6299,Q9NSC2
MAPK12,6300,P53778
SAT1,6303,P21673
SATB1,6304,Q01826
ATXN1,6310,P54253
SERPINB3,6317,P29508
SCD,6319,O00767
CLEC11A,6320,Q9Y240
SCML1,6322,Q9UN30
SCN1B,6324,Q07699
SCN3A,6328,Q9NY46
SCN8A,6334,Q9UQD0
SCN9A,6335,Q15858
SCNN1A,6337,P37088
SCNN1B,6338,P51168
CCL2,6347,P13500
CCL3,6348,P10147
CCL5,6352,P13501
CCL15,6359,Q16663
CCL20,6364,P78556
CXCL6,6372,P80162
CXCL5,6374,P42830
CX3CL1,6376,P78423
SDC1,6382,P18827
SDC2,6383,P34741
SDC4,6385,P31431
SDCBP,6386,O00560
CXCL12,6387,P48061
SECTM1,6398,Q8WVN6
SELL,6402,P14151
SELPLG,6404,Q14242
SEMA3F,6405,Q13275
SELENOP,6414,P49908
SELENOW,6415,P63302
SFRP1,6422,Q8N474
SFRP4,6424,Q6FHJ7
SGCB,6443,Q16585
SGCD,6444,Q92629
SGK1,6446,O00141
SCG5,6447,P05408
SGSH,6448,P51688
SH3BGRL,6451,O75368
SH3GL2,6456,Q99962
SHOX2,6474,O60902
ST6GAL1,6480,P15907
ST3GAL1,6482,Q11201
ST3GAL2,6483,Q16842
ST3GAL4,6484,Q11206
ST8SIA1,6489,Q92185
PMEL,6490,P40967
SIM2,6493,Q14190
SIX1,6495,Q15475
SLA,6503,Q13239
SLAMF1,6504,Q13291
SLC1A1,6505,P43005
SLC1A3,6507,P43003
SLC4A3,6508,P48751
SLC1A4,6509,P43007
SLC2A1,6513,P11166
SLC2A3,6515,P11169
SLC2A5,6518,P22732
SMTN,6525,P53814
SLC6A8,6535,P48029
SLC6A9,6536,P48067
SLC7A2,6542,P52569
SLC8A1,6546,P32418
SLC9A2,6549,Q9UBY0
SLC12A2,6558,P55011
SLC12A4,6560,Q9UP95
SLC14A1,6563,Q13336
SLC16A1,6566,P53985
SLC16A2,6567,P36021
SLCO2A1,6578,Q92959
SLCO1A2,6579,P46721
SLC22A3,6581,O75751
SLIT1,6585,O75093
SLIT3,6586,O75094
SLPI,6590,P03973
SNAI2,6591,O43623
SMARCA1,6594,P28370
SMARCA2,6595,P51531
HLTF,6596,Q14527
SMARCD3,6604,Q6STE5
SMN2,6607,Q16637
SMO,6608,Q99835
SMPD1,6609,P17405
SNAI1,6615,O95863
SNAP25,6616,P60880
SNAPC1,6617,Q16533
SNCA,6622,P37840
SNCG,6623,O76070
FSCN1,6624,Q16658
SNRPN,6638,P63162
SNTA1,6640,Q13424
SNTB1,6641,Q13884
SOD3,6649,P08294
SORL1,6653,Q92673
SOX2,6657,P48431
SOX4,6659,Q06945
SOX5,6660,P35711
SOX9,6662,P48436
SOX10,6663,P56693
SOX11,6664,P35716
SOX15,6665,O60248
SP100,6672,P23497
UAP1,6675,Q16222
SPAG4,6676,Q9NPE6
SPARC,6678,P09486
SPI1,6688,P17947
SPIB,6689,Q01892
SPINK1,6690,P00995
SPINK2,6691,P20155
SPINT1,6692,O43278
SPN,6693,P16150
SPOCK1,6695,Q08629
SPP1,6696,P10451
SPR,6697,P35270
SPRR1A,6698,P35321
SPRR1B,6699,P22528
SPRR2A,6700,P35326
SPRR2D,6703,P22532
SPRR3,6707,Q9UBC9
SPTB,6710,P11277
SPTBN1,6711,Q01082
SPTBN2,6712,O15020
SRC,6714,P12931
SREBF1,6720,P36956
SST,6750,P61278
SSX1,6756,Q16384
DENND2B,6764,P78524
ST14,6768,Q9Y5Y6
STAC,6769,Q99469
STAT1,6772,P42224
STAT5A,6776,P42229
STAT6,6778,P42226
STC1,6781,P52823
ELOVL4,6785,Q9GZR5
STX1A,6804,Q16623
STX3,6809,Q13277
STXBP1,6812,P61764
STXBP2,6813,Q15833
SULT1A1,6817,P50225
SULT1C2,6819,O00338
SULT2B1,6820,O00204
SVIL,6840,O95425
SYK,6850,P43405
SYN1,6853,P17600
SYP,6855,P08247
SYT1,6857,P21579
SYT4,6860,Q9H2B2
SYT5,6861,O00445
TACC1,6867,O75410
TAGLN,6876,Q01995
TAL1,6886,P17542
TAP1,6890,Q03518
TAP2,6891,Q03519
TBX1,6899,O43435
TBX2,6909,Q13207
TBXAS1,6916,P24557
TCEA2,6919,Q15560
TCEA3,6920,O75764
TCF4,6925,P15884
TBX3,6926,O15119
HNF1A,6927,P20823
HNF1B,6928,P35680
TCF7,6932,P36402
TCF7L2,6934,Q9NQB0
ZEB1,6935,P37275
TCN1,6947,P20061
TCN2,6948,P20062
DYNLT3,6990,P51808
TDO2,6999,P48775
PRDX2,7001,P32119
TEAD1,7003,P28347
TEAD4,7004,Q15561
TEAD3,7005,Q99594
TEC,7006,P42680
TERT,7015,O14746
TF,7018,P02787
TFAP2A,7020,P05549
TFAP2B,7021,Q92481
TFAP2C,7022,Q92754
NR2F1,7025,P10589
NR2F2,7026,P24468
TFF1,7031,P04155
TFF2,7032,Q03403
TFF3,7033,Q07654
TFPI,7035,P10646
TFR2,7036,Q9UP52
TGFA,7039,P01135
TGFB1,7040,P01137
TGFB1I1,7041,O43294
TGFB2,7042,P61812
TGFB3,7043,P10600
TGFBI,7045,Q15582
TGFBR2,7048,P37173
TGFBR3,7049,Q03167
TGIF1,7050,Q15583
TGM2,7052,P21980
THBD,7056,P07204
THBS1,7057,P07996
THBS2,7058,P35442
THBS3,7059,P49746
THRB,7068,P10828
THY1,7070,P04216
TIAM1,7074,Q13009
TIE1,7075,P35590
TIMP1,7076,P01033
TIMP2,7077,P16035
TIMP3,7078,P35625
TIMP4,7079,Q99727
NKX2-1,7080,P43699
TJP1,7082,Q07157
ICAM5,7087,Q9UMF0
TLE1,7088,Q04724
TLE2,7089,Q04725
TLE3,7090,Q04726
TLE4,7091,Q04727
TLR2,7097,O60603
TLR3,7098,O15455
TLR4,7099,O00206
TSPAN7,7102,P41732
TSPAN8,7103,P19075
TM4SF4,7104,P48230
TSPAN6,7105,O43657
TSPAN4,7106,O14817
GPR137B,7107,O60478
TM7SF2,7108,O76062
TMPRSS2,7113,O15393
TMSB4X,7114,P62328
TNF,7124,P01375
TNFAIP2,7127,Q03169
TNFAIP3,7128,P21580
TNFAIP6,7130,P98066
TNFRSF1A,7132,P19438
TNFRSF1B,7133,P20333
TNNC1,7134,P63316
TNNI2,7136,P48788
TNNI3,7137,P19429
TNNT1,7138,P13805
TNNT2,7139,P45379
TNS1,7145,Q9HBL0
TP53,7157,P04637
TP73,7161,O15350
TPBG,7162,Q13641
TPD52,7163,P55327
TPD52L1,7164,Q16890
TPM1,7168,P09493
TPM2,7169,P07951
TPM4,7171,P67936
TRAF1,7185,Q13077
TRAF5,7188,O00463
TRIO,7204,O75962
TRIP6,7205,Q15654
TRO,7216,Q12816
TRPC1,7220,P48995
TRPM2,7226,O94759
TRPS1,7227,Q9UHF7
PHLDA2,7262,Q53GA4
TST,7263,Q16762
TUB,7275,P50607
TUBA4A,7277,P68366
TUBA3C,7278,P0DPH7
TUBB2A,7280,Q13885
TUFT1,7286,Q9NNX1
TWIST1,7291,Q15672
TXNRD1,7296,Q16881
TYR,7299,P14679
TYRO3,7301,Q06418
TYROBP,7305,O43914
TYRP1,7306,P17643
UBB,7314,P0CG47
UBA7,7318,P41226
UBE2E2,7325,Q96LR5
UCHL1,7345,P09936
UPK1B,7348,O75841
UCP2,7351,P55851
SCGB1A1,7356,P11684
UGCG,7357,Q16739
UGDH,7358,O60701
UGT2B7,7364,P16662
UGT8,7368,Q16880
COL14A1,7373,Q05707
UPP1,7378,Q16831
UPK2,7379,O00526
UQCRH,7388,P07919
UTRN,7402,P46939
UTY,7404,O14607
VAV1,7409,P15498
VAV2,7410,P52735
VCAM1,7412,P19320
VCL,7414,P18206
VDR,7421,P11473
VEGFA,7422,P15692
VEGFC,7424,P49767
VGF,7425,O15240
VIL1,7429,P09327
EZR,7430,P15311
VIM,7431,P08670
VIPR1,7433,P32241
VLDLR,7436,P98155
BEST1,7439,O76090
VPREB1,7441,P12018
VSNL1,7447,P62760
VTN,7448,P04004
WAS,7454,P42768
WIPF1,7456,O43516
CLIP2,7461,Q9UDT6
LAT2,7462,Q9GZY6
CORO2A,7464,Q92828
WFS1,7466,O76024
WNT5A,7474,P41221
WNT7A,7476,O00755
WNT7B,7477,P56706
WNT11,7481,O96014
WNT9A,7483,O14904
WT1,7490,P19544
XBP1,7494,P17861
XK,7504,P51811
YES1,7525,P07947
ZAP70,7535,P43403
ZFP36,7538,P26651
ZFY,7544,P08048
ZIC1,7545,Q15915
ZIC2,7546,O95409
ZNF711,7552,Q9Y462
ZNF22,7570,P17026
ZNF32,7580,P17041
ZNF43,7594,P17038
ZNF69,7620,Q9UC07
ZNF85,7639,Q03923
ZNF90,7643,Q03938
ZNF91,7644,Q05481
MKRN3,7681,Q13064
ZNF134,7693,P52741
PCGF2,7703,P35227
ZNF185,7739,O15231
ZNF215,7762,Q9UL58
ZNF229,7772,Q9UJW7
ZP3,7784,P21754
ZYX,7791,Q15942
DNALI1,7802,O14645
LAPTM5,7805,Q13571
BTG2,7832,P78543
PXDN,7837,Q92626
TUBA1A,7846,Q71U36
PAX8,7849,Q06710
IL1R2,7850,P27930
MALL,7851,Q13021
CXCR4,7852,P61073
SCG2,7857,P13521
SEMA3B,7869,Q13214
ST8SIA4,7903,Q92187
ALDH5A1,7915,P51649
HSD17B8,7923,Q92506
LST1,7940,O00453
TFEB,7942,P19484
TFPI2,7980,P48307
ARHGEF5,7984,Q12774
TUSC3,7991,Q13454
PSCA,8000,O43653
ADAM12,8038,O43184
RASSF7,8045,Q02833
FOSL1,8061,P15407
MFAP5,8076,Q13361
SSPN,8082,Q14714
HMGA2,8091,P52926
ALX1,8092,Q15699
CDK2AP1,8099,O14519
TCL1A,8115,P56279
AP3B2,8120,Q13367
ST8SIA2,8128,Q92186
SLC7A5,8140,Q01650
ZNF239,8187,Q16600
MIA,8190,Q16674
NRIP1,8204,P48552
GATD3,8209,P0DPI2
DGCR6,8214,Q14129
PNPLA4,8228,P41247
F8A1,8263,P23610
KDM5D,8284,Q9BY66
USP9Y,8287,O00507
DYSF,8291,O75923
ACOX2,8309,Q99424
AXIN2,8313,Q9Y2T1
FZD1,8321,Q9UP38
FZD4,8322,Q9ULV1
FZD6,8323,O60353
FZD7,8324,O75084
FZD8,8325,Q9H461
H2AC6,8334,Q93077
H2BC8,8339,P62807
H2BC4,8347,P62807
H2BC21,8349,Q16778
H4C12,8362,P62805
H4C11,8363,P62805
H4C8,8365,P62805
H4C14,8370,P62805
PIP5K1B,8395,O14986
PLA2G6,8398,O60733
SRPX,8406,P78539
TAGLN2,8407,P37802
BCAR3,8412,O75815
ANXA9,8416,O76027
LTBP4,8425,Q8N2S1
NR0B2,8431,Q15466
RECK,8434,O95980
CAVIN2,8436,O95810
RASAL1,8437,O95294
DYRK3,8444,O43781
DOC2A,8448,Q14183
TPST1,8460,O60507
KLF11,8462,O14901
TEAD2,8463,Q15562
SORBS2,8470,O94875
CDC42BPA,8476,Q5VT25
SEMA7A,8482,O75326
RGS5,8490,O15539
PRSS12,8492,P56730
PPFIBP2,8495,Q8ND30
PPFIBP1,8496,Q86W92
PPFIA4,8497,O75335
SLC43A1,8501,O75387
PIK3R3,8503,Q92569
CNTNAP1,8506,P78357
ENC1,8507,O14682
KCNAB2,8514,Q13303
IFITM1,8519,P13164
GAS7,8522,O60861
DGKE,8526,P52429
CST7,8530,O76096
YBX3,8531,P16989
CPZ,8532,Q66K79
CAMK1,8536,Q14012
BCAS1,8537,O75363
BARX2,8538,Q9UMQ3
PPFIA3,8541,O75145
APOL1,8542,O14791
LMO4,8543,P61968
PIR,8544,O00625
LGR5,8549,O75473
BHLHE40,8553,O14503
CDC14B,8555,O60729
KMO,8564,O15229
PDLIM4,8572,P50479
CASK,8573,O14936
TMEFF1,8577,Q8IYR6
LY6D,8581,Q14210
RGS20,8601,O76081
KLF7,8609,O75840
PLPP1,8611,O14494
PLPP2,8612,O43688
PLPP3,8613,O14495
STC2,8614,O76061
CADPS,8618,Q9ULU8
TP63,8626,Q9H3D4
SKAP1,8631,Q86WV1
RNASET2,8635,O00584
EIF4EBP3,8637,O60516
OASL,8638,Q15646
DCHS1,8642,Q96JQ0
AKR1C3,8644,P42330
KCNK5,8645,O95279
CHRD,8646,Q9H2X0
SOCS1,8651,O15524
DDX3Y,8653,O15523
PDE5A,8654,O76074
IRS2,8660,Q9Y4H2
SLC4A4,8671,Q9Y6R1
VAMP8,8673,Q9BV40
PEA15,8682,Q15121
S1PR4,8698,O95977
B3GALNT1,8706,O75752
SERPINB7,8710,O75635
TNK1,8711,Q13470
ABCC3,8714,O15438
NOL4,8715,O94818
TNFRSF25,8718,Q93038
CTSF,8722,Q9UBX1
ADAM19,8728,Q9H013
TNFSF13,8741,O75888
TNFSF12,8742,O43508
TNFSF10,8743,P50591
TNFSF9,8744,P41273
ADAM23,8745,O75077
ADAM15,8751,Q13444
ADAM9,8754,Q13443
TNFRSF14,8764,Q92956
TNFRSF6B,8771,O95407
MPDZ,8777,O75970
TNFRSF18,8784,Q9Y5U5
RGS9,8787,O75916
DLK1,8788,P80370
TNFRSF11A,8792,Q9Y6Q6
TNFRSF10D,8793,Q9UBN6
TNFRSF10B,8795,O14763
SCEL,8796,O95171
TNFRSF10A,8797,O00220
CREG1,8804,O75629
FGF18,8817,O76093
INPP4B,8821,O15327
LIN7A,8825,O14910
NRP2,8828,O60462
NRP1,8829,O14786
CD84,8832,Q9UIB8
SOCS2,8835,O14508
GGH,8836,Q92820
CFLAR,8837,O15519
CCN5,8839,O76076
PROM1,8842,O43490
KSR1,8844,Q8IVT5
TSC22D1,8848,Q15714
KAT2B,8850,Q92831
ASAP2,8853,O43150
ALDH1A2,8854,O94788
APLN,8862,Q9ULZ1
PER3,8863,P56645
ST3GAL5,8869,Q9UNP4
IER3,8870,P46695
SYNJ2,8871,O15056
VNN2,8875,O95498
SPHK1,8877,Q9NYA1
SQSTM1,8878,Q13501
CCNA1,8900,P78396
AP1S2,8905,P56377
AP1G2,8906,O75843
GYG2,8908,O15488
SGCE,8910,O43556
CACNA1H,8912,O95180
SNURF,8926,Q9Y675
RTL8C,8933,A6ZKI3
SKAP2,8935,O75563
WASF1,8936,Q92558
BAIAP3,8938,O94812
CDK5R2,8941,Q13319
KYNU,8942,Q16719
H2BC11,8970,P06899
P4HA2,8974,O15460
PLOD3,8985,O60568
STBD1,8987,O95210
TRPA1,8989,O75762
SELENBP1,8991,Q13228
NOL3,8996,O60936
KALRN,8997,O60229
SOCS3,9021,O14543
CLIC3,9022,O95833
BRSK2,9024,Q8IWQ3
HIP1R,9026,O75146
TM4SF5,9032,O14894
CCRL2,9034,O00421
SEMA5A,9037,Q13591
DOK2,9046,O60496
SH2D2A,9047,Q9NP31
ARTN,9048,Q5T4W7
PSTPIP2,9050,Q9H939
PSTPIP1,9051,O43586
GPRC5A,9052,Q8NFJ5
MAP7,9053,Q14244
SLC7A7,9056,Q9UM01
PAPSS2,9060,O95340
SYT7,9066,O43581
CLDN12,9069,P56749
CLDN10,9071,P78369
CLDN6,9074,P56747
CLDN2,9075,P57739
CLDN1,9076,O95832
DIRAS3,9077,O95661
LDB2,9079,O43679
CLDN9,9080,O95484
EIF1AY,9086,O14602
TBX18,9096,O95935
NMI,9111,Q13287
INA,9118,Q16352
SLC16A6,9120,O15403
SLC16A5,9121,O15375
SLC16A4,9122,O15374
SLC16A3,9123,O15427
PDLIM1,9124,O00151
CCNE2,9134,O96020
SYNGR3,9143,O43761
SYNGR2,9144,O43760
SYNGR1,9145,O43759
NEURL1,9148,O76050
DYRK1B,9149,Q9Y463
DGKI,9162,O75912
TMSB10,9168,P63313
LPAR2,9170,Q9HBW0
MYOM2,9172,P54296
IL1RL1,9173,Q01638
MAP3K13,9175,O43283
OSMR,9180,Q99650
SLC16A7,9194,O60669
HACD1,9200,B0YJ81
DCLK1,9201,O15075
FCMR,9214,O60667
LARGE1,9215,O95461
MAGI1,9223,Q96QZ7
DLG5,9231,Q8TDM6
IL32,9235,P24001
CCPG1,9236,Q9ULG6
NOG,9241,Q13253
MSC,9242,O60682
CRLF1,9244,O75462
GCNT3,9245,O95395
UBE2L6,9246,O14933
DHRS3,9249,O75911
TSPOAP1,9256,O95153
PDLIM7,9260,Q9NR12
STK17A,9263,Q9UEE5
CYTH3,9265,O43739
ADGRG1,9289,Q9Y653
CD83,9308,Q01151
KLF4,9314,O43474
NREP,9315,Q16612
PTER,9317,Q96BW5
TRIP10,9322,Q15642
HMGN3,9324,Q15651
B4GALT6,9331,Q9UBX8
TCEAL1,9338,Q15170
NHERF2,9351,Q15599
SLIT2,9353,O94813
LHX2,9355,P50458
ITGBL1,9358,O95965
RAB33A,9363,Q14088
NHERF1,9368,O14745
LIPG,9388,Q9Y5X9
HS6ST1,9394,O60243
NMT2,9397,O60551
GRAP2,9402,O75791
LPXN,9404,O60711
ARHGAP29,9411,Q52LW3
TJP2,9414,Q9UDY2
FADS2,9415,O95864
NTN1,9423,O95631
KCNK6,9424,Q9Y257
ABCG2,9429,Q9UNQ0
CHST2,9435,Q9Y4C5
QKI,9444,Q96PU8
ITM2B,9445,Q9Y287
GSTO1,9446,P78417
AIM2,9447,O14862
MAP4K4,9448,O95819
LY86,9450,O95711
ITM2A,9452,O43736
HOMER3,9454,Q9NSC5
HOMER2,9455,Q9NSB8
ARHGEF6,9459,Q15052
RASAL2,9462,Q9UJF2
HAND2,9464,P61296
IL27RA,9466,Q6UWB1
SH3BP5,9467,O60239
CHST3,9469,Q7LGC8
AKAP6,9472,Q13023
THEMIS2,9473,Q5TEJ8
NAPSA,9476,O96009
MAPK8IP1,9479,Q9UQF2
ONECUT2,9480,O95948
SLC25A27,9481,O95847
CHST10,9486,O43529
SLC4A8,9498,Q2Y0W8
MAGED1,9500,Q9Y5V3
RPH3AL,9501,Q9UNE2
ADAMTS2,9509,O95450
ADAMTS1,9510,Q9UHI8
GAL3ST1,9514,Q99999
LITAF,9516,Q99732
GDF15,9518,Q99988
BAG3,9531,O95817
ZNF254,9534,O75437
GMFG,9535,O60234
PTGES,9536,O14684
TP53I11,9537,O14683
TP53I3,9540,Q53FA7
RAB3D,9545,O95716
CXCL14,9547,O95715
BCAR1,9564,P56945
GTF2IRD1,9569,Q9UHL9
CDC42BPB,9578,Q9Y5S2
SOX13,9580,Q9UN79
APOBEC3B,9582,Q9UH17
CREB5,9586,Q02930
AKAP12,9590,Q02952
CYTIP,9595,O60759
NFE2L3,9603,Q9Y4A8
RAB36,9609,O95755
RIN1,9610,Q13671
GDA,9615,Q9Y2T3
ABCG1,9619,P45844
CELSR1,9620,Q9NYQ6
SNCAIP,9627,Q9Y6H5
TESMIN,9633,Q9Y4I5
CLCA2,9635,Q9UQC9
ISG15,9636,P05161
FEZ1,9638,Q99689
ARHGEF10,9639,O15013
IKBKE,9641,Q14164
SH3PXD2A,9644,Q5TCZ1
MICAL2,9645,O94851
PLCH2,9651,O75038
ZNF516,9658,Q92618
PDE4DIP,9659,Q5VU43
SDC3,9672,O75056
KIAA0040,9674,Q15053
GREB1,9687,Q4ZG55
TRAM2,9697,Q15035
RIMS2,9699,Q9UQ26
ST18,9705,O60284
ULK2,9706,Q8IYT8
SEMA3E,9723,O15041
TMEM63A,9725,O94886
KIAA0408,9729,Q6ZU52
DOCK4,9732,Q8N1I0
HDAC9,9734,Q9UKV0
ARHGAP32,9743,A7KAX9
ACAP1,9744,Q15027
CLSTN3,9746,Q9BQT9
TCAF1,9747,Q9Y4C2
PHACTR2,9749,O75167
RIPOR2,9750,Q9Y4F9
TBKBP1,9755,A7MCY6
TOX,9760,O94900
LZTS3,9762,O60299
RASSF2,9770,P50749
RAPGEF5,9771,Q92565
PIEZO1,9780,Q92508
RNF144A,9781,P50876
RIMS3,9783,Q9UJD0
MTSS1,9788,O43312
SCRN1,9805,Q12765
SPOCK2,9806,Q92563
CTIF,9811,O43310
ARMCX2,9823,Q7L311
ARHGEF17,9828,Q96PE2
DNAJC6,9829,O75061
JAKMIP2,9832,Q96AA8
ZEB2,9839,O60315
TESPA1,9840,A2RU30
HEPH,9843,Q9BQS7
ELMO1,9844,Q92556
GAB2,9846,Q9UQC2
MFAP3L,9848,O75121
RUSC2,9853,Q8N2Y8
PPP1R26,9858,Q5T8A7
CEP170,9859,Q5SW79
TRANK1,9881,O15050
TBC1D4,9882,O60343
RHOBTB1,9886,O94844
NUAK1,9891,O60285
SV2A,9900,Q7L0J3
MRC2,9902,Q9UBG0
TMCC2,9911,O75069
ATP2C2,9914,O75185
ARNT2,9915,Q9HBZ2
KBTBD11,9920,O94819
MAFB,9935,Q9Y5Q3
CD302,9936,Q8IX05
ARHGAP25,9938,P42331
GFPT2,9945,O94808
MAGEC1,9947,O60732
HS3ST3B1,9953,Q9Y662
HS3ST3A1,9955,Q9Y663
HS3ST1,9957,O14792
MVP,9961,Q14764
FGF19,9965,O95750
TNFSF15,9966,O95150
CLEC2B,9976,Q92478
FGFBP1,9982,Q14512
REC8,9985,O95072
AKT3,10000,Q9Y243
KCNE3,10008,Q9Y6H6
SH2B3,10019,Q9UQQ2
GNE,10020,Q9Y223
TOM1L1,10040,O75674
SH2D3C,10044,Q8N5H7
SH2D3A,10045,Q9BRG2
MAMLD1,10046,Q13495
GJC1,10052,P36383
AP1M2,10053,Q9Y6Q5
ABCB6,10058,Q9NP58
PTPRU,10076,Q92729
TSPAN32,10077,Q96QS1
ATP9A,10079,O75110
GPC6,10082,Q9Y625
USH1C,10083,Q9Y6N9
EDIL3,10085,O43854
UST,10090,Q9Y2C2
ARPC1B,10095,O15143
TSPAN5,10098,P62079
TSPAN2,10100,O60636
TSPAN1,10103,O60635
SGK2,10110,Q9HBY8
ARL4C,10123,P56559
ARL4A,10124,P40617
RASGRP1,10125,O95267
FRY,10129,Q5TBA9
OPTN,10133,Q96CV9
NAMPT,10135,P43490
TOB1,10140,P50616
FAM13A,10144,O94988
EBI3,10148,Q14213
MBNL2,10150,Q5VZF2
PLXNC1,10154,O60486
RASA4,10156,O43374
AASS,10157,Q9UDR5
PDZK1IP1,10158,Q13113
FARP1,10160,Q9Y4F1
LPAR6,10161,P43657
DHRS9,10170,Q9BPW9
ZNF256,10172,Q9Y2P7
SORBS3,10174,O60504
LHFPL2,10184,Q6ZUX7
LHFPL6,10186,Q9Y693
DHRS2,10202,Q13268
CALCRL,10203,Q16602
MPZL2,10205,O60487
PATJ,10207,Q8NI35
CTDSPL,10217,O15194
TRIB1,10221,Q96RU8
GPA33,10223,Q99795
CD96,10225,P40200
PLIN3,10226,O60664
RCAN2,10231,Q14206
MSLN,10232,Q13421
LRRC17,10234,Q8N6Y2
RASGRP2,10235,Q7LDG7
SPRY1,10252,O43609
SPRY2,10253,O43597
CNKSR1,10256,Q969H4
ABCC4,10257,O15439
IRX5,10265,P78411
RAMP2,10266,O60895
RAMP1,10267,O60894
FSTL3,10272,O95633
NET1,10276,Q7Z628
EFS,10278,O43281
PRSS16,10279,Q9NQE7
SPEG,10290,Q15772
CCNO,10309,P22674
TCIRG1,10312,Q13488
B3GALT5,10317,Q9Y2C3
IKZF1,10320,Q13422
CRISP3,10321,P54108
B3GNT3,10331,Q9Y2A9
TLR6,10333,Q9Y2C9
CCL26,10344,Q9Y258
TRIM22,10346,Q8IYM9
ABCA7,10347,Q8IZY2
NPM2,10361,Q86SE8
KLF2,10365,Q9Y5W3
CITED2,10370,Q99967
SEMA3A,10371,Q14563
IRF9,10379,Q00978
TUBB3,10381,Q13509
TUBB4A,10382,P04350
BTN3A3,10384,O00478
BTN2A2,10385,Q8WVV5
SYCP2,10388,Q9BX26
SCML2,10389,Q9UQR0
CORO2B,10391,Q9UQ03
DLC1,10395,Q96QB1
ATP8A1,10396,Q9Y2Q0
NDRG1,10397,Q92597
MYL9,10398,P24844
ST3GAL6,10402,Q9Y274
CPQ,10404,Q9Y646
WFDC2,10406,Q14508
BASP1,10409,P80723
IFITM3,10410,Q01628
RAPGEF3,10411,O95398
YAP1,10413,P46937
SPON2,10417,Q9BUD6
SPON1,10418,Q9HCB6
CDC42EP2,10435,O14613
IFI30,10437,P13284
OLFM1,10439,Q99784
LRRN2,10446,O75325
FAM3C,10447,Q92520
ACAA2,10449,P42765
VAV3,10451,Q9UKW4
ECI2,10455,O75521
GPNMB,10457,Q14956
BAIAP2,10458,Q9UQB8
MERTK,10461,Q12866
FST,10468,P19883
ZBTB18,10472,Q99592
HOXB13,10481,Q92826
CAP2,10486,P40123
CRTAP,10491,O75718
VAT1,10493,Q99536
UNC13B,10497,O14795
SEMA6B,10501,Q9H3T3
SEMA4D,10507,Q92854
SEMA4B,10509,Q9NPR2
SEMA3C,10512,Q99985
FBLN5,10516,Q9UBX5
CIB2,10518,O75838
NEBL,10529,O76041
P3H3,10536,Q8IVL6
UBD,10537,O15205
BATF,10538,Q16520
PROCR,10544,Q9UNN8
AGR2,10551,O95994
HTATIP2,10553,Q9BUP3
AGPAT2,10555,O15120
IFI44,10561,Q8TCB0
SLC34A2,10568,O95436
DPYSL4,10570,O14531
NPC2,10577,P61916
TACC2,10579,O95359
SORBS1,10580,Q9BX66
IFITM2,10581,Q01629
SCGN,10590,O76038
ERN2,10595,Q76MJ5
CDC42EP3,10602,Q9UKI2
SH2B2,10603,O14492
P3H4,10609,Q92791
ST6GALNAC2,10610,Q9UJ37
PDLIM5,10611,Q96HC4
POLR3G,10622,O15318
TRIM16,10626,O95361
TXNIP,10628,Q9H3M7
PDPN,10630,Q86YL7
POSTN,10631,Q15063
GAS2L1,10634,Q99501
RGS14,10636,O43566
IGF2BP1,10642,Q9NZI8
IGF2BP3,10643,O00425
IGF2BP2,10644,Q9Y6M1
SPINT2,10653,O43291
KHDRBS3,10656,O75525
CELF2,10659,O95319
CGREF1,10669,Q99674
DLL3,10683,Q9NYJ7
CLDN16,10686,Q9Y5I7
PNMA2,10687,Q9UL42
CERS1,10715,P27544
SLC12A7,10723,Q9Y666
STAG3,10734,Q9UJ98
SIX2,10736,Q9NPC8
GRAP,10750,Q13588
CHL1,10752,O00533
GIPC1,10755,O14908
TRAF3IP2,10758,O43734
NES,10763,P48681
KDM5B,10765,Q9UGL1
PLK2,10769,Q9NYY3
ARPP21,10777,Q9UBL0
NEK6,10783,Q9HC98
NCKAP1,10787,Q9Y2A7
IQGAP2,10788,Q13576
VAMP5,10791,O95183
MTHFD2,10797,P13995
GJB6,10804,O95452
STARD10,10809,Q9Y365
WASF3,10810,Q9UPY6
CPLX2,10814,Q6PUV4
CPLX1,10815,O14810
FAXDC2,10826,Q96IV6
ALDH1L1,10840,O75891
PDE10A,10846,Q9Y233
PPP1R13L,10848,Q8WUF5
HPSE,10855,Q9Y251
ADAM28,10863,Q9UKQ2
ARID5A,10865,Q03989
TSPAN9,10867,O75954
HCST,10870,Q9UBK5
ME3,10873,Q16798
NMU,10874,P48645
C1QL1,10882,O75973
PPARGC1A,10891,Q9UBK2
MMP24,10893,Q9Y5R2
RUNDC3A,10900,Q59EK9
MTMR11,10903,A4FU01
GADD45G,10912,O95257
MAGED2,10916,Q9UNF1
SMPDL3A,10924,Q92484
PRSS21,10942,Q9Y6M0
BTG3,10950,Q14201
MLLT11,10962,Q13015
IFI44L,10964,Q53G44
ACOT2,10965,P49753
CKAP4,10970,Q07065
ADIRF,10974,Q15847
FERMT2,10979,Q96AC1
RAB32,10981,Q13637
MAPRE2,10982,Q15555
SLC27A5,10998,Q9Y2P5
SLC27A3,11000,Q5K4L6
SLC27A2,11001,O14975
SPINK5,11005,Q9NQ38
LILRB4,11006,Q8NHJ6
IL24,11009,Q13007
GLIPR1,11010,P48060
KLK11,11012,Q9UBX7
KDELR3,11015,O43731
LILRA2,11027,Q8N149
RBPMS,11030,Q93062
RAB31,11031,Q13636
ADAP1,11033,O75689
DSTN,11034,P60981
RIPK3,11035,Q9Y572
PIM2,11040,Q9P1W9
MID2,11043,Q9UJV3
SLC35D2,11046,Q76EJ3
ABHD2,11057,P08910
DEPP1,11067,Q9NTK1
TRIM31,11074,Q9BZY9
STMN2,11075,Q93045
ESM1,11082,Q9NQ30
PRSS23,11098,O95084
PTPN21,11099,Q16825
PRDM5,11107,Q9NQX1
EMILIN1,11117,Q9Y6C2
BTN3A2,11118,P78410
BTN3A1,11119,O00481
RCAN3,11123,Q9UKA8
CDC42EP1,11135,Q00587
TBC1D8,11138,O95759
PKIG,11142,Q9Y2B9
DMC1,11144,Q14565
PLAAT3,11145,P53816
BVES,11149,Q8NE79
CORO1A,11151,P31146
PTP4A3,11156,O75365
FSTL1,11167,Q12841
ADAMTS7,11173,Q9UKP4
ADAMTS6,11174,Q9UKP5
LZTS1,11178,Q9Y250
SLC2A6,11182,Q9UGQ3
MAP4K1,11184,Q92918
PKP3,11187,Q9Y446
CELF3,11189,Q5SZQ8
ANXA10,11199,Q9UJ72
KLK8,11202,O60259
IRAK3,11213,Q9Y616
DUSP10,11221,Q9Y6W6
GALNT6,11226,Q8NCL4
GALNT5,11227,Q7Z7M9
RASSF8,11228,Q8NHQ8
PRAF2,11230,O60831
RNF24,11237,Q9Y225
PADI2,11240,Q9Y2J8
GPR176,11245,Q14439
NXPH4,11247,O95158
SLC6A14,11254,Q9UN76
FILIP1L,11259,Q4L180
SP140,11262,Q13342
USP18,11274,Q9UMW8
TREX1,11277,Q9NSU2
SLCO2B1,11309,O94956
CD300A,11314,Q9UGN4
MGAT4A,11320,Q9UM21
TMC6,11322,Q7Z403
FKBP9,11328,O95302
MGLL,11343,Q99685
SYNPO,11346,Q8N3V7
NID2,22795,Q14112
TFEC,22797,O14948
RRAS2,22800,P62070
ITGA11,22801,Q9UKX5
IKZF3,22806,Q9UKT9
IKZF2,22807,Q9UKS7
MRAS,22808,O14807
ATF5,22809,Q9Y2D1
RASA3,22821,Q14644
PHLDA1,22822,Q8WV24
HSPA4L,22824,O95757
NLGN4Y,22829,Q8NFZ3
ZFP30,22835,Q9Y2G7
RHOBTB3,22836,O94955
COBLL1,22837,Q53SF7
PPM1E,22843,Q8WY54
VASH1,22846,Q7L8A9
NTNG1,22854,Q9Y2I2
ADGRL1,22859,O94910
NLRP1,22861,Q9C000
CNKSR2,22866,Q8WXI2
NLGN1,22871,Q8N2Q7
DZIP1,22873,Q86YF9
PLEKHA6,22874,Q9Y2H5
ENPP4,22875,Q9Y6X5
ANKRD6,22881,Q9Y2G4
ZHX2,22882,Q9Y6X8
ABLIM3,22885,O94929
DENND3,22898,A2RUS2
BTBD3,22903,Q9Y2F9
EPN2,22905,O95208
MAPRE3,22924,Q9UPY8
PLA2R1,22925,Q13018
HABP4,22927,Q5JVS0
ELL2,22936,O00472
SHANK2,22941,Q9UPX8
DKK1,22943,O94907
PTGR1,22949,Q14914
AKR7A3,22977,O95154
EFR3B,22979,Q9Y2G0
NINL,22981,Q9Y2I6
DIP2C,22982,Q9Y2E4
MAST1,22983,Q9Y2H9
TTC39A,22996,Q5SRH9
IGSF9B,22997,Q9UPX0
LIMCH1,22998,Q9UPQ0
WDFY3,23001,Q8IZQ1
DAAM1,23002,Q9Y4D1
PLCH1,23007,Q4KWH8
GOLGA8A,23015,A7E2F4
PALLD,23022,Q8WX93
PDZRN3,23024,Q9UPQ7
UNC13A,23025,Q9UPW8
SAMD4A,23034,Q9UPU9
PDZD2,23037,O15018
MYT1L,23040,Q9UL68
TNIK,23043,Q9UKE5
KIF21B,23046,O75037
FNBP1,23048,Q96RU3
ENDOD1,23052,O94919
NMNAT2,23057,Q9BZQ4
SWAP70,23075,Q9UH65
PEG10,23089,Q86TG7
ARHGAP26,23092,Q9UNA1
IQSEC2,23096,Q5JU85
SARM1,23098,Q6SZW1
RAP1GAP2,23108,Q684P5
SPART,23111,Q8N0X7
NFASC,23114,O94856
ATP10B,23120,O94823
COLGALT2,23127,Q8IYK4
PLXND1,23129,Q9Y4D7
EPB41L3,23136,Q9Y2J2
NACAD,23148,O15069
FCHO1,23149,O14526
FRMD4B,23150,Q9Y2L6
SEPTIN6,23157,Q14141
TBC1D9,23158,Q6ZT07
RGL1,23179,Q9NZL6
RFTN1,23180,Q14699
PHLDB1,23187,Q86UU1
KANK1,23189,Q14678
CYFIP1,23191,Q7L576
FBXL7,23194,Q9UJT9
SYT11,23208,Q9BT88
MLC1,23209,Q15049
SULF1,23213,Q8IWU6
TBC1D1,23216,Q86TI0
NBEAL2,23218,Q6ZNJ1
DTX4,23220,Q9Y2E6
SYNE2,23224,Q8WXH0
NUP210,23225,Q8TEM1
PLCL2,23228,Q9UPR0
SEL1L3,23231,Q68CR1
PLCB1,23236,Q9NQ66
TMEM131L,23240,A2VDJ0
COBL,23242,O75128
ATP11A,23250,P98196
KAZN,23254,Q674X7
MTCL1,23255,Q9Y4B5
DENND5A,23258,Q6IQ26
MCF2L,23263,O15068
ADGRL2,23266,O95490
DNMBP,23268,Q6XZF7
CAMSAP2,23271,Q08AD1
ADGRL3,23284,Q9HAR2
WWC1,23286,Q8IX03
WSCD1,23302,Q658N2
DMXL2,23312,Q8TDJ6
SATB2,23314,Q9UPW6
TRIM2,23321,Q9C040
NEDD4L,23327,Q96PU5
SASH1,23328,O94885
TBC1D30,23329,Q9Y2I9
TTC28,23331,Q96AY4
DPY19L1,23333,Q2PZI1
SYNM,23336,O15061
SYNE1,23345,Q8NF91
DOCK9,23348,Q9BZ29
PSD3,23362,Q9NYI0
OBSL1,23363,O75147
ARHGEF12,23365,Q9NZN5
MATCAP2,23366,Q8NCT3
TNS2,23371,Q63HR2
COTL1,23406,Q14019
NCS1,23413,P62166
GRIP1,23426,Q9Y3R0
SLC7A8,23428,Q9UHI5
GPR161,23432,Q8N6U8
ANGPTL2,23452,Q9UKU9
ABCA5,23461,Q8WWZ7
HEY1,23462,Q9Y5J3
NPTXR,23467,O95502
ETHE1,23474,O95571
QPRT,23475,Q15274
CES3,23491,Q6UWW8
TNFRSF13B,23495,O14836
HAAO,23498,P46952
DAAM2,23500,Q86T65
RIMBP2,23504,O15034
TTC9,23508,Q92623
ARHGAP45,23526,Q92619
CLCF1,23529,Q9UBD9
NNT,23530,Q13423
MMD,23531,Q15546
PRAME,23532,P78395
SEC14L2,23541,O76054
MAPK8IP2,23542,Q13387
RBFOX2,23543,O43251
SEZ6L,23544,Q9BYH1
PSD4,23550,Q8NDX1
CDK20,23552,Q8IZL9
TSPAN12,23554,O95859
TSPAN15,23555,O95858
DDAH2,23564,O95865
LPAR3,23566,Q9UBY5
DDAH1,23576,O94760
CDC42EP4,23580,Q9H3Q1
RIGI,23586,O95786
OPN3,23596,Q9H1Y3
ACOT9,23597,Q9Y305
PHLDA3,23612,Q9Y5J5
SH3BP1,23616,Q9Y3L3
BACE1,23621,P56817
CBLC,23624,Q9ULV8
SSBP2,23635,P81877
LDOC1,23641,O95751
LY96,23643,Q9Y6Y9
PPP1R15A,23645,O75807
SSBP3,23648,Q9BWW4
TRIM29,23650,Q14134
PLXNB2,23654,O15031
SLC7A11,23657,Q9UPY5
CEMIP2,23670,Q9UHN6
SH3BP4,23677,Q9P0V3
RAB38,23682,P57729
PRKD3,23683,O94806
KCNE4,23704,Q8WWG9
CADM1,23705,Q9BY67
GSPT2,23708,Q8IYD1
GABARAPL1,23710,Q9H0R8
BHMT2,23743,Q9H2M3
OSBP2,23762,Q969R2
MAFF,23764,Q9ULX9
FLRT3,23767,Q9NZU0
FLRT2,23768,O43155
ARHGAP8,23779,P85298
APOL2,23780,Q9BQE5
IFIT5,24138,Q13325
LAMP5,24141,Q9UJQ1
FJX1,24147,Q86VR8
KIAA1549L,25758,Q6ZVL6
SHC2,25759,P98077
RASGRP3,25780,Q8IV61
TMEM59L,25789,Q9UK28
NGEF,25791,Q8N5V2
QPCT,25797,Q16769
GCA,25801,P28676
SPDEF,25803,O95238
BAMBI,25805,Q13145
TNFAIP8,25816,O95379
TAFA5,25817,Q7Z5A7
KLK5,25818,Q9Y337
DNAJB5,25822,O75953
BACE2,25825,Q9Y5Z0
SULT4A1,25830,Q9BR01
RAB26,25837,Q9ULW5
TMT1A,25840,Q9H8H3
ABTB2,25841,Q8N961
PARM1,25849,Q6UWI2
FAM149A,25854,A5PLN7
WHRN,25861,Q9P202
MXRA5,25878,Q9NR99
ABI3BP,25890,Q7Z7G0
PAMR1,25891,Q6UXH9
TRIM58,25893,Q8NG06
PLEKHG4,25894,Q58EX7
IFFO1,25900,Q0D2I5
OLFML2B,25903,Q68BL8
TMEM158,25907,Q8WZ71
ZNF521,25925,Q96K83
CNRIP1,25927,Q96F85
SOSTDC1,25928,Q6X4U4
CLIC4,25932,Q9Y696
WWTR1,25937,Q9GZV5
SAMHD1,25939,Q9Y3Z3
NECTIN3,25945,Q9NQS3
ZNF385A,25946,Q96PM9
SEC31B,25956,Q9NQW1
KANK2,25959,Q63ZY3
ADGRA2,25960,Q96PE1
C2CD2,25966,Q9Y426
KRT23,25984,Q9C075
TSKU,25987,Q8WUA8
SNED1,25992,Q8TER0
CLIP3,25999,Q96DZ5
MOXD1,26002,Q6UVY6
SPATS2L,26010,Q9NUQ6
TENM4,26011,Q6N022
LRIG1,26018,Q96JA1
LRP10,26020,Q7Z4F1
TMEM98,26022,Q9Y2Y6
ACOT11,26027,Q8WXI4
PLEKHG3,26030,A1L390
OSBPL3,26031,Q9H4L5
SUSD5,26032,O60279
ATRNL1,26033,Q5VV63
SETBP1,26040,Q9Y6X0
CNTNAP2,26047,Q9UHC6
FAM169A,26049,Q9Y6X4
PPP1R16B,26051,Q96T49
AUTS2,26053,Q8WXX7
RAB11FIP5,26056,Q9BXF6
RAI14,26064,Q9P0K7
RTL8A,26071,Q9BWD3
ARHGEF26,26084,Q96DR7
GPSM1,26086,Q86YR5
PTPN20,26095,Q4JDL3
PYGO1,26108,Q9Y3Y4
CCDC69,26112,A6NI79
TANC2,26115,Q9HCD6
LDLRAP1,26119,Q5SW96
TES,26136,Q9UGI8
TTLL3,26140,Q9Y4R7
RIBC2,26150,Q9H4K1
KIF26A,26153,Q9ULI4
GIMAP2,26157,Q9UG22
PTPN22,26191,Q9Y2R2
PITPNC1,26207,Q9UKF7
PHGDH,26227,O43175
STAP1,26228,Q9ULZ2
FBXO2,26232,Q9UK22
FAM50B,26240,Q9Y247
CABYR,26256,O75952
FBXO6,26270,Q9NRD1
SACS,26278,Q9NZJ4
AK5,26289,Q9Y6K8
EHF,26298,Q9NZC4
GBGT1,26301,Q8N5D6
HSPB8,26353,Q9UJY1
SEZ6L2,26470,Q6UXD5
NUPR1,26471,O60356
PLEK2,26499,Q9NYT0
MYOF,26509,Q9NZM1
LATS2,26524,Q9NRM7
PCOLCE2,26577,Q9UKZ9
MYEOV,26579,Q96EZ4
GREM1,26585,O60565
GAGE2E,26749,Q9UEU5
SH3YL1,26751,Q96HL8
HAVCR1,26762,Q96D42
STEAP1,26872,Q9UHE8
OPLAH,26873,O14841
NBEA,26960,Q8NFP9
GPR160,26996,Q9UJ42
CYFIP2,26999,Q96F07
BEX3,27018,Q00994
LAT,27040,O43561
ANKRD1,27063,Q15327
NSG1,27065,P42857
DAPP1,27071,Q9UN19
LAMP3,27074,Q9UQV4
TSPAN13,27075,O95857
LYPD3,27076,O95274
FOXP1,27086,Q9H334
B3GAT1,27087,Q9P2W7
ST6GALNAC4,27090,Q9H4F1
CACNG4,27092,Q9UBN1
SDCBP2,27111,Q9H190
DKK3,27122,Q9UBP4
INPP5J,27124,Q15735
CYTH4,27128,Q9UIA0
HSPB7,27129,Q9UBY9
CPNE7,27132,Q9UBL6
TJP3,27134,O95049
PALD1,27143,Q9ULE6
DENND2A,27147,Q9ULE3
NAAA,27163,Q02083
GLS2,27165,Q9UI32
HCAR1,27198,Q9BXC0
ARHGEF16,27237,Q5VV41
GPR162,27239,Q16538
SIT1,27240,Q9Y3P8
TNFRSF21,27242,O75509
PDCD4,27250,Q53EL6
SRPX2,27286,O60687
RND1,27289,Q92730
SPINK4,27290,O60575
SMPDL3B,27293,Q92485
PDLIM3,27295,Q53GG5
ZNF544,27300,Q6NX49
RBMS3,27303,Q6XE24
RAB30,27314,Q15771
TOX3,27324,O15405
RPS6KA6,27330,Q9UK32
GOLIM4,27333,O00461
P2RY10,27334,O00398
PCSK1N,27344,Q9UHG2
STK39,27347,Q9UEW8
APOBEC3C,27350,Q9NRW3
PCLO,27445,Q9Y6V0
SLCO4A1,28231,Q96BD0
SLCO3A1,28232,Q9UIG8
SLCO1B3,28234,Q9NPD5
CDH19,28513,Q9H159
DLL1,28514,O00548
TRIB2,28951,Q92519
TMEM176B,28959,Q3YBM2
OSTM1,28962,Q86WC4
SNX24,28966,Q9Y343
TMPRSS11E,28983,Q9UL52
RGCC,28984,Q9H4X1
MAGEH1,28986,Q9H213
HIPK2,28996,Q9H2X6
SLC43A3,29015,Q8NBI5
STXBP6,29091,Q8NFX7
LGALSL,29094,Q3ZCW2
DNAJC15,29103,Q9Y5T4
SCG3,29106,Q8WXD2
PYCARD,29108,Q9ULZ3
C6orf15,29113,Q6UXA7
TAGLN3,29114,Q9UI15
CLEC2D,29121,Q9UHP7
C11orf21,29125,Q9P2W6
CD274,29126,Q9NZQ7
BLNK,29760,Q8WV28
PACSIN3,29763,Q9UKS6
TMOD2,29767,Q9NZR1
CARD10,29775,Q9BWT7
PARVB,29780,Q9HBI1
CYP2S1,29785,Q96SQ9
YPEL1,29799,O60688
ZDHHC1,29800,Q8WTX9
VPREB3,29802,Q9UKI3
GRHL1,29841,Q9NZI5
TFCP2L1,29842,Q9NZI6
SNX10,29887,Q9Y5X0
CCDC106,29903,Q9BWC9
ST8SIA5,29906,O15466
GPR132,29933,Q9UNW8
DSE,29940,Q9UL01
PKN3,29941,Q6P5Z2
PADI1,29943,Q9ULC6
OSGIN1,29948,Q9UJX0
DPP7,29952,Q9UHL4
TRHDE,29953,Q9UKU6
SLC25A24,29957,Q6NUK1
CDIP1,29965,Q9H305
LRP12,29967,Q9Y561
PSAT1,29968,Q9Y617
MDFIC,29969,Q9P1T7
SCHIP1,29970,P0DPB3
RHOD,29984,O00212
SLC2A8,29988,Q9NY64
PACSIN1,29993,Q9BY11
LMCD1,29995,Q9NZU5
EFEMP2,30008,O95967
SH3KBP1,30011,Q96B97
SPANXA1,30014,Q9NS26
SLC40A1,30061,Q9NP59
KCNIP3,30818,Q9Y2W7
ZNF354C,30832,Q86Y25
EHD3,30845,Q9NZN3
EHD2,30846,Q9NZN4
CTAG2,30848,O75638
CDR2L,30850,Q86X02
TAX1BP3,30851,O14907
G0S2,50486,P27469
PODXL2,50512,Q9NZ53
CHST11,50515,Q9NPF2
IL21R,50615,Q9HBE5
DEF6,50619,Q9H4E7
ARHGEF4,50649,Q9NR80
ARHGEF3,50650,Q9NR81
MYEF2,50804,Q9P2K5
HDGFL3,50810,Q9Y3E1
F11R,50848,Q9Y624
VILL,50853,O15195
PARD6A,50855,Q9NPB6
STMN3,50861,Q9NZ72
NTM,50863,Q9P121
HEBP1,50865,Q9NRV9
CDON,50937,Q4KMG0
SHANK1,50944,Q9Y566
PI15,51050,O43692
ATL1,51062,Q8WXF7
CALHM2,51063,Q9HA72
GAL,51083,P22466
CRYL1,51084,Q9Y2S2
MLXIPL,51085,Q9NP71
YBX2,51087,Q9Y2T7
KLHL5,51088,Q96PQ7
SCCPDH,51097,Q8NBX0
ZC2HC1A,51101,Q96GY0
LACTB2,51110,Q53H82
ANGPTL4,51129,Q9BY76
PHF11,51131,Q9UIL8
CERCAM,51148,Q5T4B2
SLC45A2,51151,Q9UMX9
C3orf18,51161,Q9UK00
EGFL7,51162,Q9UHF1
AADAT,51166,Q8N5Z0
HSD17B11,51170,Q8NBQ5
HSD17B14,51171,Q9BPX1
LEF1,51176,Q9UJU2
PLEKHO1,51177,Q53GL0
TCEAL9,51186,Q9UHQ7
HERC5,51191,Q9UII4
RAPGEFL1,51195,Q9UHV5
CPA4,51200,Q9UI42
ZDHHC2,51201,Q9UIJ5
ACP6,51205,Q9NPH0
ZNF219,51222,Q9P2Y4
ABI3,51225,Q9P2A4
COPZ2,51226,Q9P299
CRIM1,51232,Q9NZV1
MZB1,51237,Q8WU39
FAM178B,51252,Q8IXR5
TMEM216,51259,Q9P0N5
KLF3,51274,P57682
C1RL,51279,Q9NZP8
GOLM1,51280,Q8NBJ4
CEND1,51286,Q8N111
CD320,51293,Q9NPF0
SLC15A3,51296,Q8IY34
NRN1,51299,Q9NPD7
FKBP11,51303,Q9NYL4
REEP2,51308,Q9BRK0
ARMCX1,51309,Q9P291
SLC22A17,51310,Q8WUG5
GASK1B,51313,Q6UWH4
PLAC8,51316,Q9NZF1
TNFRSF12A,51330,Q9NP84
PRR16,51334,Q569H4
DACT1,51339,Q9NYF0
ZNF117,51351,Q03924
HOOK1,51361,Q9UJC3
CHST15,51363,Q7LFX5
PLA1A,51365,Q53H76
SNX7,51375,Q9UNH6
AIG1,51390,Q9NVV5
TRPV2,51393,Q9Y5S1
BIN2,51411,Q9UBW5
ACTL6B,51412,O94805
AMOTL2,51421,Q9Y2J4
PRKAG2,51422,Q9UGJ0
SNX9,51429,Q9Y5X1
SCARA3,51435,Q6AZY7
MAGEC2,51438,Q9UBF1
VGLL1,51442,Q99990
PRRX2,51450,Q99811
GULP1,51454,Q9UBP9
EVL,51466,Q9UI08
DCDC2,51473,Q9UHG0
LIMA1,51474,Q9UHB6
ISYNA1,51477,Q9NPH2
VCX3A,51481,Q9NNX9
CXXC5,51523,Q7LFL8
PEX5L,51555,Q8IYB4
RAB6B,51560,Q9NRW1
IL23A,51561,Q9NPF7
ARMCX3,51566,Q9UH62
LSR,51599,Q86X29
NSG2,51617,Q9Y328
KLF13,51621,Q9Y2Y9
RASD1,51655,Q9Y272
FKBP7,51661,Q9Y680
TPPP3,51673,Q9BW30
ASB2,51676,Q96Q27
CYB5R2,51700,Q6BCY4
PADI3,51702,Q9ULW8
ACSL5,51703,Q9ULC5
GPRC5B,51704,Q9NZH0
SYT17,51760,Q9BSW7
STK26,51765,Q9P289
MAP3K20,51776,Q9NYL2
SIX4,51804,Q9UIU6
CALML5,51806,Q9NZT1
GALNT7,51809,Q86SF2
ADA2,51816,Q9NZK5
BCL11A,53335,Q9H165
TM6SF1,53346,Q9BZW5
CLIC5,53405,Q9NZA1
ADAM22,53616,Q9P0K1
S1PR5,53637,Q9H228
FXYD6,53826,Q9H0Q3
FXYD5,53827,Q96DB9
IL20RA,53832,Q9UHF4
IL20RB,53833,Q6UXL0
FGFRL1,53834,Q8N441
GPR87,53836,Q9BY21
TRIM34,53840,Q9BYJ4
A4GALT,53947,Q9NPC4
SLC37A1,54020,P57057
RBM11,54033,P57052
PCBP3,54039,P57721
FAM3B,54097,P58499
GSAP,54103,A4D1B5
ERRFI1,54206,Q9UJM3
GPR173,54328,Q9NS66
GPR85,54329,P60893
GNG2,54331,P59768
GDAP1,54332,Q8TB36
CYTL1,54360,Q9NRR1
SIAE,54414,Q9HAT2
SH3TC1,54436,Q8TE82
GFOD1,54438,Q9NXC2
SASH3,54440,O75995
ANLN,54443,Q9NQW6
RIN2,54453,Q8WYP3
RETREG1,54463,Q9H6L5
ARMCX6,54470,Q7L4S7
KRT20,54474,P35900
PLEKHA5,54477,Q9HAU0
PIMREG,54478,Q9BSJ6
OTULINL,54491,Q9NUU6
NEURL1B,54492,A8MQ27
SMOX,54498,Q9NWM0
RBM47,54502,A0AV96
CPVL,54504,Q9H3G5
ADAMTSL4,54507,Q6UY14
RHOF,54509,Q9HBH0
PCDH18,54510,Q9HCL0
APBB1IP,54518,Q7Z5R6
USP53,54532,Q70EK8
DDIT4,54541,Q9NX09
EPB41L4B,54566,Q9H329
MXRA8,54587,Q9BRK3
NDFIP2,54602,Q9NV92
PARP14,54625,Q460N5
HES2,54626,Q9Y543
LRRN3,54674,Q9H3W5
P4HTM,54681,Q9NXG6
MANSC1,54682,Q9H8J5
PDP1,54704,Q9P0J1
SLC6A20,54716,Q9NP91
SLC35F2,54733,Q8IXU6
RAB39A,54734,Q14964
XAF1,54739,Q6GPH4
LY6K,54742,Q17RY6
EPDR1,54749,Q9UM22
FBLIM1,54751,Q8WUP2
ZNF853,54753,P0CG23
TRPM4,54795,Q8TD43
BNC2,54796,Q6ZN30
SAMD9,54809,Q5K651
NUP62CL,54830,Q9H1M0
BSPRY,54836,Q5W0U4
LRRC49,54839,Q8IUZ0
BIVM,54841,Q86UB2
MFSD6,54842,Q6ZSS7
SYTL2,54843,Q9HCH5
ESRP1,54845,Q6NXG1
SIDT1,54847,Q9NXL6
PAQR5,54852,Q9NXK6
FAM83E,54854,Q2M2I3
TENT5C,54855,Q5VWP2
TOR4A,54863,Q9NXH8
EPS8L1,54869,Q8TE68
PALMD,54873,Q9NP74
FNBP1L,54874,Q5T0N5
CNTLN,54875,Q9NXG0
RNF43,54894,Q68DV7
CASZ1,54897,Q86V15
ELOVL2,54898,Q9NXB9
PXK,54899,Q7Z7A4
SEMA4C,54910,Q9C0C4
RPP25,54913,Q9BUL9
RHBDL2,54933,Q9NX52
DUSP23,54935,Q9BVJ7
RNF125,54941,Q96EQ8
LPCAT2,54947,Q7L5N7
SSH3,54961,Q8TE77
TTC12,54970,Q9H892
TMEM132A,54972,Q24JP5
PLAAT2,54979,Q9NWW9
MTARC2,54996,Q969Z3
TESC,54997,Q96BS2
TTC22,55001,Q5TAA0
HERC6,55008,Q8IVU3
MCUB,55013,Q9NWR8
PID1,55022,Q7Z2X4
BANK1,55024,Q8NDB2
TMEM255A,55026,Q5JRV8
MOCOS,55034,Q96EN8
EPN3,55040,Q9H201
CRYBG2,55057,Q8N1P7
SUSD4,55061,Q5VX71
WIPI1,55062,Q5MNZ9
UACA,55075,Q9BZF9
TMEM45A,55076,Q9NWC5
RADX,55086,Q6NSI4
TMEM51,55092,Q9NW97
RALGPS2,55103,Q86X27
SLFN12,55106,Q8IYM2
ANO1,55107,Q5XXA6
SLC6A15,55117,Q9H2J7
FIGN,55137,Q5HY92
ARHGEF10L,55160,Q9HCE6
NUDT11,55190,Q96G61
EVA1B,55194,Q9NVM1
CCDC198,55195,Q9NVL8
PLEKHG6,55200,Q3KR16
ZNF532,55205,Q9HCE3
P3H2,55214,Q8IVL5
ETNK2,55224,Q9NVF9
PNMA8A,55228,Q86V59
STEAP3,55240,Q658P3
KIRREL1,55243,Q96J84
SLC47A1,55244,Q96FL8
THNSL2,55258,Q86YJ6
ECHDC2,55268,Q86YB7
TMEM100,55273,Q9NV29
MCOLN3,55283,Q8TDD5
C4orf19,55286,Q8IY42
TMEM40,55287,Q8WWA1
SPTLC3,55304,Q9NUV7
CPPED1,55313,Q9BRF8
TMEM144,55314,Q7Z5S9
LARP6,55323,Q9BRS8
RNLS,55328,Q5VYX0
DRAM1,55332,Q8N682
SHFL,55337,Q9NUL5
PLCXD1,55344,Q9NUJ7
CHDH,55349,Q8NE62
STK32B,55351,Q9NY57
LAPTM4B,55353,Q86VI4
SLC22A15,55356,Q8IZD6
TBC1D2,55357,Q9BYX2
STYK1,55359,Q6J9G0
IMPACT,55364,Q9P2X3
TMEM176A,55365,Q96HP8
LGR4,55366,Q9BXB1
ZNF331,55422,Q9NQX6
CAMK2N1,55450,Q7Z7J9
DNAJA4,55466,Q8WW22
HES6,55502,Q96HZ4
TRPV6,55503,Q9H1D0
TNFRSF19,55504,Q9NS68
MACROH2A2,55506,Q9P0M6
GPRC5D,55507,Q9NZD1
BATF3,55509,Q9NR55
DDX43,55510,Q9NXZ2
SMPD3,55512,Q9NY59
TRIM36,55521,Q9NQ86
PIP4P2,55529,Q8N4L2
CDCA7L,55536,Q96GN5
IL17RB,55540,Q9NRM6
RBM38,55544,Q9H0Z9
ENOSF1,55556,Q7L5Y1
PLXNA3,55558,P51805
CDC42BPG,55561,Q6DT37
GALNT10,55568,Q86SR1
DDX60,55601,Q8IY21
TENT5A,55603,Q96IP4
CARMIL1,55604,Q5VZK9
KIF21A,55605,Q7Z4S6
PPP1R9A,55607,Q9ULJ8
FERMT1,55612,Q9BQL6
PRR5,55615,P85299
ASAP3,55616,Q8TDY4
DOCK10,55619,Q96BY6
STAP2,55620,Q9UGK3
SLC39A4,55630,Q6P5W5
CHD7,55636,Q9P2D1
SYBU,55638,Q9NX95
RAB20,55647,Q9NX57
BCAS4,55653,Q8TDM0
NLRP2,55655,Q9NX02
LIMS2,55679,Q7Z4I7
FRMD4A,55691,Q9P2Q2
RADIL,55698,Q96JH8
ARHGEF40,55701,Q8TER5
CCDC88A,55704,Q3V6T2
FAR2,55711,Q96K12
ZNF334,55713,Q9HCZ1
TENM3,55714,Q9P273
DOK4,55715,Q8TEW6
HHAT,55733,Q5VTY9
ENAH,55740,Q8N8S7
PARVA,55742,Q9NVD7
CHFR,55743,Q96EP1
SEPTIN11,55752,Q9NVA2
OGDHL,55753,Q9ULD0
UGGT2,55757,Q9NYU1
DHX32,55760,Q7L7V1
INAVA,55765,Q3KP66
H2AJ,55766,Q9BTM1
ZNF83,55769,P51522
MCTP2,55784,Q6DN12
FGD6,55785,Q6ZV73
ZNF415,55786,Q09FC8
CSGALNACT1,55790,Q8TDX6
MBNL3,55796,Q9NUK0
CACNA2D3,55799,Q8IZS8
HR,55806,O43593
ST6GALNAC1,55808,Q9NSC7
TRERF1,55809,Q96PN7
RNF130,55819,Q86XS8
PAG1,55824,Q9NWQ8
PECR,55825,Q9BY49
EAF2,55840,Q96CJ1
WWC3,55841,Q9ULE0
ARHGAP15,55843,Q53QZ3
BEX1,55859,Q9HBH7
DBNDD2,55861,Q9BQY9
GSDMB,55876,Q8TAX9
LMO3,55885,Q8TAP4
GPRC5C,55890,Q9NQ84
ZNF302,55900,Q9NR11
ACSS2,55902,Q9NR19
ZC4H2,55906,Q9NQZ6
INKA2,55924,Q9NTI7
MYO5C,55930,Q9NQX4
KLHL9,55958,Q9P2J3
SULF2,55959,Q8IWU5
SEPTIN3,55964,Q9UH03
GNG12,55970,Q9UBI6
BAIAP2L1,55971,Q9UHR4
NXF3,56000,Q9H4D5
BARX1,56033,Q9HBU1
PDGFC,56034,Q9NRA1
KLHL4,56062,Q9C0H6
ANKH,56172,Q9HCJ1
SUSD2,56241,Q9UGT4
ZNF253,56242,O75346
KIAA1217,56243,Q5T5P2
TMX4,56255,Q9H1E5
SERTAD4,56256,Q9NUC0
CPXM1,56265,Q96SM3
BEX4,56271,Q9NWD9
PARD3,56288,Q8TEW0
RPRM,56475,Q9NS64
CCL28,56477,Q9NRJ3
KCNQ5,56479,Q9NR82
DNAJC12,56521,Q9UKB3
CYP26B1,56603,Q9NR63
ERO1B,56605,Q86YB8
SLC2A9,56606,Q9NRM0
EIF5A2,56648,Q9GZV4
TMPRSS4,56649,Q9NRS4
NPDC1,56654,Q9NQX5
PANX2,56666,Q96RD6
MUC13,56667,Q9H3R2
SUCNR1,56670,Q9BXA5
NRIP3,56675,Q9NQ35
JPH1,56704,Q9HDC5
FMN2,56776,Q9NZ56
TCEAL7,56849,Q9BRU2
CELF4,56853,Q9BZC1
FSTL5,56884,Q8N475
TCIM,56892,Q9NR00
AGPAT4,56895,Q9NRZ5
DPYSL5,56896,Q9BPU6
NDUFA4L2,56901,Q9NRX3
SPIRE1,56907,Q08AE8
MAP3K7CL,56911,P57077
MEIS3,56917,Q99687
PAK6,56924,Q9NQU5
LXN,56925,Q9BS40
SMCO4,56935,Q9NRQ5
PMEPA1,56937,Q969W9
BMAL2,56938,Q8WYA1
OLFML3,56944,Q9NRN5
PRTFDC1,56952,Q9NRG1
SHD,56961,Q96IW2
PARP6,56965,Q2NL67
C14orf132,56967,Q9NPU4
CEACAM19,56971,Q7Z692
FAM20C,56975,Q8IXL6
PRDM8,56978,Q9NQV8
CHPT1,56994,Q8WUD6
COQ8A,56997,Q8NI60
ADAMTS9,56999,Q9P2N4
SDHAF3,57001,Q9NRP4
ACKR3,57007,P25106
AKR1B10,57016,O60218
TWSG1,57045,Q9GZX9
PCBP4,57060,P57723
PLSCR4,57088,Q9NRQ2
PLAAT1,57110,Q9HDD0
RAB25,57111,P57735
ZNF695,57116,Q8IW36
CAMK1D,57118,Q8IU85
LPAR5,57121,Q9H1C0
CD248,57124,Q9HCU0
MAN1C1,57134,Q9NR34
RGL3,57139,Q3MIN7
LDAF1,57146,Q96B96
SLC44A2,57153,Q8IWA5
TMEM63C,57156,Q9P1W3
JPH2,57158,Q9BR39
PELI2,57161,Q9HAT8
PELI1,57162,Q96FA3
SALL4,57167,Q9UJQ4
CORO1B,57175,Q9BR76
ZMIZ1,57178,Q9ULJ6
SELENON,57190,Q9NZV5
ATP10A,57194,O60312
ATP8B2,57198,P98198
ATP10D,57205,Q9P241
ADGRG6,57211,Q86SQ4
CEMIP,57214,Q8WUJ3
VANGL2,57216,Q9ULK5
ARFGEF3,57221,Q5TH69
NHSL1,57224,Q5SYE7
SMAGP,57228,Q0VAQ4
RCN3,57333,Q96D15
ZNF287,57336,Q9HBT7
RHOJ,57381,Q9H4E5
S100A14,57402,Q9HCY8
NMRAL1,57407,Q9HBL8
AS3MT,57412,Q9HBK9
CEP15,57415,Q9HBI5
NDRG2,57447,Q9UN36
PLEKHG5,57449,O94827
TENM2,57451,Q9NT68
GALNT16,57452,Q8N428
TMCC3,57458,Q9ULS5
PPM1H,57460,Q9ULR3
MYORG,57462,Q6NSJ0
SLC12A5,57468,Q9H2X9
ZNF512B,57473,Q96KM6
PLEKHH1,57475,Q9ULM0
GRAMD1B,57476,Q3KR37
PLEKHG1,57480,Q9ULL1
CRACD,57482,Q6ZU35
RNF150,57484,Q9ULK6
AHRR,57491,A9YTQ3
HEG1,57493,Q9ULI3
RIMKLB,57494,Q9ULI2
NLGN4X,57502,Q8N0W4
ZNF608,57507,Q9ULD9
MTUS1,57509,Q9ULD2
GPR158,57512,Q5T848
ARHGAP31,57514,Q2M1Z3
HECW2,57520,Q9P2P5
SRGAP1,57522,Q7Z6B7
NYNRIN,57523,Q9P2P1
CGN,57530,Q9P2M7
ELAPOR1,57535,Q6UXG2
SORCS2,57537,Q96PQ0
CC2D2A,57545,Q9P2K1
IGSF9,57549,Q9P2J2
NCEH1,57552,Q6PIU2
NLGN2,57555,Q8NFZ4
SEMA6A,57556,Q9H2E6
STAMBPL1,57559,Q96FJ0
ARRDC3,57561,Q96B67
KLHL14,57565,Q9P2G3
SIPA1L2,57568,Q9P2F8
DOCK6,57572,Q96HP0
MARCHF4,57574,Q9P2E8
PCDH10,57575,Q9P2E7
PREX1,57580,Q8TCU6
SYT13,57586,Q7L8C5
EBF4,57593,Q9BQW3
PDZD4,57595,Q76G19
BEGAIN,57596,Q9BUH8
BAHCC1,57597,Q9P281
TRMT9B,57604,Q9P272
JCAD,57608,Q9P266
TSHZ3,57616,Q63HK5
SHROOM3,57619,Q8TF72
LRRN1,57633,Q6UXK5
ARHGAP23,57636,Q9P227
NHSL3,57648,Q9P206
CAMSAP3,57662,Q9P1Y5
PLEKHA4,57664,Q9H4M7
ZDBF2,57683,Q9HCK1
CACHD1,57685,Q5VU97
VAT1L,57687,Q9HCJ6
SHTN1,57698,A0MZ66
WDFY4,57705,Q6ZS81
MEAK7,57707,Q6P9B6
SFMBT2,57713,Q5VUG0
SEMA4G,57715,Q9NTN9
SPTBN4,57731,Q9H254
ZFYVE28,57732,Q9HCC9
TRIB3,57761,Q96RU7
HES4,57801,Q9HCC6
POLD4,57804,Q9HCU8
GRHL3,57822,Q8TE85
SLAMF7,57823,Q9NQ25
CYP4F11,57834,Q9HBI6
CADM3,57863,Q8N126
CXCL16,58191,Q9H2A7
SQOR,58472,Q9Y6N5
PLEKHB1,58473,Q9UF11
TP53INP2,58476,Q8IXH6
RHOU,58480,Q7L0Q8
ABHD17C,58489,Q6PCB6
JAM2,58494,P57087
OVOL2,58495,Q9BRP0
ZNF462,58499,Q96JM2
ARHGAP22,58504,Q7Z5H3
MID1IP1,58526,Q9NPA3
ABRACL,58527,Q9P1F3
RRAGD,58528,Q9NQL2
ENPP5,59084,Q9UJA9
HIVEP3,59269,Q5T1R4
EVA1C,59271,P58658
NTN4,59277,Q9HB63
CACNG7,59284,P62955
SIGIRR,59307,Q6IA17
PLEKHA1,59338,Q9HB21
PLEKHA2,59339,Q9HB19
TRPV4,59341,Q9HBA0
SCPEP1,59342,Q9HB40
GNB4,59345,Q9HAV0
LGR6,59352,Q9HBX8
AFAP1,60312,Q8N556
AVPI1,60370,Q5T686
EDA2R,60401,Q9HAV5
BACH2,60468,Q9BYV9
ELOVL5,60481,Q9NYP7
APOBEC3G,60489,Q9HC16
FKBP10,60681,Q96AY3
SLC22A23,63027,A1A5C7
ABHD4,63874,Q8TB40
PIEZO2,63895,Q9H5I5
SH2D4A,63898,Q9H788
FAM111A,63901,Q96PZ2
SLC17A9,63910,Q9BYT1
GALNT11,63917,Q8NCW6
ZNF667,63934,Q5HYK9
GPSM3,63940,Q9Y4H4
KIF13A,63971,Q9H1H9
MYO1G,64005,B0I1T2
PRSS22,64063,Q9GZN4
PERP,64065,Q96FX8
C19orf33,64073,Q9GZP8
CLSTN2,64084,Q9H4D0
SAMSN1,64092,Q9NSI8
SMOC1,64093,Q9H4F8
SMOC2,64094,Q9H3U7
EPB41L4A,64097,Q9HCS5
PARVG,64098,Q9HBI0
RTP4,64108,Q96DX8
TMBIM1,64114,Q969X1
VSIR,64115,Q9H7M9
SLC39A8,64116,Q9C0K1
FN3K,64122,Q9H479
TINAGL1,64129,Q9GZM7
XYLT1,64131,Q86Y38
IFIH1,64135,Q9BYX4
ERAP2,64167,Q6P179
P3H1,64175,Q32P28
POPDC3,64208,Q9HBV1
SEMA4A,64218,Q9H3S1
STRA6,64220,Q9BX79
ROBO3,64221,Q96MS0
MS4A6A,64231,Q9H2W1
PDLIM2,64236,Q96JY6
ARHGEF28,64283,Q8N1W1
RAB17,64284,Q9H0T7
RHBDF1,64285,Q96CC6
ZSCAN31,64288,Q96LW9
SOX17,64321,Q9H6I2
NFKBIZ,64332,Q9BYH8
ARHGAP9,64333,Q9BRR9
NXN,64359,Q6DKJ4
HHIP,64399,Q96QV1
CDH24,64403,Q86UP0
RGS18,64407,Q9NS28
ARAP3,64411,Q8WWN8
SUSD1,64420,Q6UWL2
CPEB1,64506,Q9BZB8
CLEC7A,64581,Q9BXN2
TMPRSS3,64699,P57727
PLPPR2,64748,Q96GM1
SMURF2,64750,Q9HAU4
CCDC136,64753,Q96JN2
SMYD3,64754,Q9H7B4
MTARC1,64757,Q5VT66
TNS3,64759,Q68CZ2
PARP12,64761,Q9H0J9
CREB3L2,64764,Q70SY1
FNDC3B,64778,Q53EP0
MICAL1,64780,Q8TDZ2
EPS8L2,64787,Q9H6S3
LMF1,64788,Q96S06
DEPTOR,64798,Q8TB45
FNDC4,64838,Q9H6D8
PORCN,64840,Q9H237
SPATA20,64847,Q8TB22
SLC13A3,64849,Q8WWT9
NIBAN2,64855,Q96TA1
VWA1,64856,Q6PCB0
PLEKHG2,64857,Q9H7P9
NABP1,64859,Q96AH0
CDCP1,64866,Q9H5V8
LPIN3,64900,Q9BQK8
RANBP17,64901,Q9H2T7
RASAL3,64926,Q86YV0
NDRG4,65009,Q9ULP0
PINK1,65018,Q9BXM7
REEP1,65055,Q9H902
RAPH1,65059,Q70E73
CDK15,65061,Q96Q40
RTN4R,65078,Q9BZR6
MARCKSL1,65108,P49006
SOWAHC,65124,Q53LP3
ZNF649,65251,Q9BS31
WNK4,65266,Q96J92
WNK2,65268,Q9Y3S1
STK33,65975,Q9BYT3
CAPRIN2,65981,Q6IMN6
ZSCAN18,65982,Q8TBC5
GRAMD2B,65983,Q96HH9
KCTD14,65987,Q9BQ13
DLK2,65989,Q6UY11
LRRC61,65999,Q9BV99
TMEM108,66000,Q6UXF1
CYP4F12,66002,Q9HCS2
LYNX1,66004,P0DP58
DUSP26,78986,Q9BV47
GDAP1L1,78997,Q96MZ0
LRFN4,78999,Q6PJG9
METRN,79006,Q9UJH8
DBNDD1,79007,Q9H9R9
CAMKV,79012,Q8NCB2
AHNAK,79026,Q09666
ZNF655,79027,Q8N720
PVRIG,79037,Q6DKI7
TMEM38A,79041,Q9H6F2
KCTD15,79047,Q96SI1
TRPM8,79054,Q7Z2W7
PRRG4,79056,Q9BZD6
POGLUT2,79070,Q6UW63
MLPH,79083,Q9BV36
TRAPPC6A,79090,O75865
CHAC1,79094,Q9BUX1
C1orf116,79098,Q9BW04
DHX58,79132,Q96C10
CCDC28B,79140,Q9BUN5
PPDPF,79144,Q9H3Y8
MMP28,79148,Q9H239
FA2H,79152,Q7L5A8
GDPD3,79153,Q7L5L3
PLEKHF1,79156,Q96S99
PRR15L,79170,Q9BU68
FSD1,79187,Q9BTV5
IRX3,79191,P78415
IRX1,79192,P78414
BHLHE41,79365,Q9C0J9
HMGN5,79366,P82970
KREMEN2,79412,Q8NCW0
ZBED2,79413,Q9BTP6
BIRC7,79444,Q96CA5
NKAIN1,79570,Q4KMZ8
EPS8L3,79574,Q8TE67
SPAG16,79582,Q8N0X2
CHPF,79586,Q8IZ52
RNF128,79589,Q8TEB7
CERS4,79603,Q9HA82
PGBD5,79605,Q8N414
RIC3,79608,Q7Z5B4
ACSS3,79611,Q9H6R3
CCNJL,79616,Q8IV13
GALNT14,79623,Q96FL9
TNFAIP8L2,79626,Q6P589
OGFRL1,79627,Q5TC84
SH3TC2,79628,Q8TF17
C1orf54,79630,Q8WWF1
FAM184A,79632,Q8NB25
FAT4,79633,Q6V0I7
ARSJ,79642,Q5FYB0
MAP7D3,79649,Q8IWC1
RHBDF2,79651,Q6PJF5
BEND5,79656,Q7L4P6
DYNC2H1,79659,Q8NCM8
PARP8,79668,Q8N3A8
C3orf52,79669,Q5BVD1
VEPH1,79674,Q14D04
VTCN1,79679,Q7Z7D3
STEAP4,79689,Q687X5
GAL3ST4,79690,Q96RP7
GALNT12,79695,Q8IXK2
LRRK1,79705,Q38SD2
MORC4,79710,Q8TE76
NSUN7,79730,Q8NE18
KCTD17,79734,Q8N5Z5
TTLL7,79739,Q6ZT98
CLIP4,79745,Q8N3C7
ECHDC3,79746,Q96DC8
ZNF385D,79750,Q9H6B1
C1orf115,79762,Q9H7X2
ELMO3,79767,Q96BJ8
MCTP1,79772,Q6DN14
GRTP1,79774,Q5TC63
ZFHX4,79776,Q86UP3
MICALL2,79778,Q8IY33
SUGCT,79783,Q9HAC7
MYH14,79784,Q7Z406
CLMN,79789,Q96JQ2
GSDMD,79792,P57764
HHIPL2,79802,Q6UWX4
VASH2,79805,Q86V25
AGMAT,79814,Q9BSE5
NIPAL2,79815,Q9H841
MOB3B,79817,Q86TA1
CLMP,79827,Q9H6B4
TMC5,79838,Q6UXY8
ZDHHC11,79844,Q9H8X9
BAALC,79870,Q8WXS3
THSD4,79875,Q6ZMP0
MAP9,79884,Q49MG5
HDAC11,79885,Q96DB2
PLBD1,79887,Q6P4A8
LPCAT1,79888,Q8NF37
RIN3,79890,Q8TB24
ATP8B4,79895,Q8TF62
PRR5L,79899,Q6MZQ0
CYBRD1,79901,Q53TN4
MAB21L4,79919,Q08AI8
TCEAL4,79921,Q96EI5
ADM2,79924,Q7Z4H4
SPEF2,79925,Q9C093
DOK3,79930,Q7L591
CNTNAP3,79937,Q9BZ76
PLPPR3,79948,Q6T4P5
PLEKHS1,79949,Q5SXH7
ERMP1,79956,Q7Z2K6
PAQR6,79957,Q6TCH4
DENND1C,79958,Q8IV53
DENND2D,79961,Q9H6A0
DNAJC22,79962,Q8N4W6
SCD5,79966,Q86SK9
WLS,79971,Q5T9L3
CPED1,79974,A4D0V7
GRHL2,79977,Q6ISB3
POF1B,79983,Q8WVV4
ELOVL7,79993,A1L3X0
GREB1L,80000,Q9C091
PCNX2,80003,A6NKB5
ESRP2,80004,Q9H6T0
DOCK5,80005,Q9H7D0
TMEM156,80008,Q8N614
WWC2,80014,Q6AWC2
DGLUCY,80017,Q7Z3D6
UBTD1,80019,Q9HAC8
MYO15B,80022,Q96JP2
NRSN2,80023,Q9GZP1
SEMA6D,80031,Q8NFY4
GPR157,80045,Q5UAW9
PGAP1,80055,Q75T13
ATF7IP2,80063,Q5U623
ZNF606,80095,Q8WXB4
BICC1,80114,Q9H694
BAIAP2L2,80115,Q6UXY1
ARL14,80117,Q8N4G2
CCDC33,80125,Q8N5R6
LRRC8E,80131,Q6NSJ5
ZNF703,80139,Q9H7S9
FRAS1,80144,Q86XX4
ZC3H12A,80149,Q5D1E8
ASRGL1,80150,Q7L266
PGGHG,80162,Q32M88
PRR36,80164,Q9H6K5
SPSB1,80176,Q96BD6
RUBCNL,80183,Q9H714
FUZ,80199,Q9BT04
HKDC1,80201,Q2TB90
FHOD3,80206,Q2V2M9
ARMC9,80210,Q7Z3E5
ACSF2,80221,Q96CM8
RAB11FIP1,80223,Q6WKZ4
ORAI2,80228,Q96SN7
TASL,80231,Q9HAI6
ELL3,80237,Q9HB65
HSD3B7,80270,Q9H2F3
EFHD1,80303,Q9BUP0
PDGFD,80310,Q9GZP0
SP6,80320,Q3SY56
CCDC68,80323,Q9H2F9
WNT10A,80326,Q9GZT5
ULBP2,80328,Q9BZM5
PNPLA3,80339,Q9NST1
TRAF3IP3,80342,Q9Y228
PDCD1LG2,80380,Q9BQ51
CD276,80381,Q5ZPR3
AKNA,80709,Q7Z591
SLC35G2,80723,Q8TBE7
SRCIN1,80725,Q9C0H9
TTYH3,80727,Q9C0H2
SLC44A4,80736,Q53GD3
KHDC1,80759,Q4VXA5
ITIH5,80760,Q86UX2
SPX,80763,Q9BT56
LIMD2,80774,Q9BT23
COL18A1,80781,P39060
EEPD1,80820,Q7L9B9
DUSP16,80824,Q9BY84
APOL6,80830,Q9BWW8
APOL3,80833,O95236
WNT5B,81029,Q9H1J7
SLC2A10,81031,O95528
COLEC12,81035,Q5KU26
SLC38A1,81539,Q9H2H9
GDPD5,81544,Q8WTR4
VOPP1,81552,Q96AW1
CYRIA,81553,Q9H0Q0
MAGED4B,81557,Q96JG8
FAM117A,81558,Q9C073
C1orf21,81563,Q9H246
ACTL8,81569,Q9H568
APOLD1,81575,Q96LR9
LBH,81606,Q53QV2
NECTIN4,81607,Q96NY8
TMEM163,81615,Q8TC26
ITM2C,81618,Q9NQX7
TSPAN14,81619,Q8NG11
KAZALD1,81621,Q96I82
UNC93B1,81622,Q9H1C4
AMN,81693,Q9BXJ7
DOCK8,81704,Q8NF50
PPP1R14C,81706,Q8TAE6
TRIM7,81786,Q9C029
NUAK2,81788,Q9H093
ADAMTS12,81792,P58397
TLR10,81793,Q9BXR5
ADAMTS10,81794,Q9H324
NETO2,81831,Q8NC67
NETO1,81832,Q8TDF5
VANGL1,81839,Q8TAA9
SPRY4,81848,Q9C004
ST6GALNAC5,81849,Q9BVH7
SFXN3,81855,Q9BWM7
HYI,81888,Q5T013
ZNF93,81931,P35789
TCF7L1,83439,Q9HCS4
SH3BGRL3,83442,Q9H299
APH1B,83464,Q8WW43
GLT8D2,83468,Q9H1C3
KATNAL2,83473,Q8IYT4
ARHGAP24,83478,Q8N264
EPPK1,83481,P58107
AIF1L,83543,Q9BQI0
AKR1E2,83592,Q96JD6
RASSF5,83593,Q8WWW0
NUDT12,83594,Q9BQG2
SOX7,83595,Q9BT81
TMEM47,83604,Q9BQJ4
FAM107B,83641,Q9H098
CCDC3,83643,Q9BQI4
FAM167A,83648,Q96KS9
TLN2,83660,Q9Y4G6
MS4A8,83661,Q9BY19
PARP9,83666,Q8IXQ6
CRISPLD1,83690,Q9H336
CD99L2,83692,Q8TCZ2
RPS6KL1,83694,Q9Y6S9
SH3BGRL2,83699,Q9UJC5
JAM3,83700,Q9BX67
FERMT3,83706,Q86UX7
ESPN,83715,B1AK53
CRISPLD2,83716,Q9H0B8
YPEL3,83719,P61236
TLCD3B,83723,Q71RH2
INHBE,83729,P58166
MARVELD1,83742,Q9BSK0
TMTC1,83857,Q8IUR5
HMCN1,83872,Q96RW7
CDCA7,83879,Q9BWT1
RASSF4,83937,Q9H2L5
LRMDA,83938,Q9H2I8
SLC4A11,83959,Q8NBS3
IFI27L2,83982,Q9H2X8
CCDC8,83987,Q9H0W5
NCALD,83988,P61601
CTTNBP2,83992,Q8WZ74
REG4,83998,Q9BYZ8
KREMEN1,83999,Q96MU8
TMPRSS13,84000,Q9BYE2
B3GNT5,84002,Q9BYG0
EMILIN2,84034,Q9BXX0
KATNAL1,84056,Q9BW62
ADGRV1,84059,Q8WXG9
HORMAD1,84072,Q86X24
USP44,84101,Q9H0E7
SLC41A2,84102,Q96JW4
EVA1A,84141,Q9H8M9
PPP1R1B,84152,Q9UD71
ARID5B,84159,Q14865
NLRC5,84166,Q86WI3
ANTXR1,84168,Q9H6X2
LOXL4,84171,Q96JB6
SLITRK6,84189,Q9H5Y7
MEX3B,84206,Q6ZN04
SPATC1L,84221,Q9H0A9
LRRC8C,84230,Q8TDW0
RTL6,84247,Q6ICC9
SGIP1,84251,Q9BQI5
SLC37A3,84255,Q8NCC5
QNG1,84267,Q5T6V5
C2orf88,84281,Q9BSF0
RNF135,84282,Q8IUD6
PRXL2A,84293,Q9BRX8
PGAP4,84302,Q9BRR3
HVCN1,84329,Q96D96
TMEM101,84336,Q96IK0
PRAC1,84366,Q96KF2
CYSTM1,84418,Q9H1C7
C15orf48,84419,Q9C002
CARD11,84433,Q9BXL7
ZNF528,84436,Q3MIS6
RAB11FIP4,84440,Q86YS3
MAML2,84441,Q8IZL2
BRSK1,84446,Q8TDC3
ABLIM2,84448,Q6H8Q1
ZNF512,84450,Q96ME7
MAP3K21,84451,Q5TCX8
PHYHIPL,84457,Q96FC7
ZMAT1,84460,Q5H9K5
SPIRE2,84501,Q8WWL2
CNFN,84518,Q9BYD5
HOPX,84525,Q9BPY8
ZNF559,84527,Q9BR84
ACSS1,84532,Q9NUB1
KBTBD8,84541,Q8NFY9
FAXC,84553,Q5TGI0
MAP1LC3A,84557,Q9H492
SLC12A8,84561,A0AV02
TUBB6,84617,Q9BUF5
AFAP1L2,84632,Q8N4X5
DGAT2,84649,Q96PD7
GLIS2,84662,Q9BZE0
HYCC1,84668,Q9BYI3
ZNF347,84671,Q96SE7
CARD6,84674,Q9BX69
TRIM55,84675,Q9BYV6
SLC9A7,84679,Q96T83
ACCS,84680,Q96QU6
LOXL3,84695,P58215
GPT2,84706,Q8TD30
BEX2,84707,Q9BXY8
LNX1,84708,Q8TBB1
CBX2,84733,Q14781
FAM167B,84734,Q9BTA0
B3GNT9,84752,Q6UX72
ZNF577,84765,Q9BSK1
CRACR2A,84766,Q9BSW2
PYROXD2,84795,Q8N2H3
GPAT3,84803,Q53EU6
IL17RC,84818,Q8NAC3
FCRLA,84824,Q7L513
ADTRP,84830,Q96IZ2
HPDL,84842,Q96IR7
ZNF503,84858,Q96F45
TMEM25,84866,Q86YD3
PARP10,84875,Q53GL7
MFSD2A,84879,Q8NA29
AIFM2,84883,Q9BRQ8
C1orf198,84886,Q9H425
LINGO1,84894,Q96FE5
PLXDC2,84898,Q6UX71
AOPEP,84909,Q8N6M6
ZNF382,84911,Q96SR6
ATOH8,84913,Q96SQ7
FAM222A,84915,Q5U5X8
LRP11,84918,Q86VZ4
FIBCD1,84929,Q8N539
CORO6,84940,Q6QEF8
HSH2D,84941,Q96JZ2
TNS4,84951,Q8IZW8
CGNL1,84952,Q0VF96
SYTL1,84958,Q8IYJ3
UBASH3B,84959,Q8TF42
AJUBA,84962,Q96IF1
TOX2,84969,Q96NM4
FRMD5,84978,Q7Z6J6
FAM83A,84985,Q86UY5
RERG,85004,Q96A58
TCEAL3,85012,Q969E4
CFAP300,85016,Q9BRQ4
SMIM3,85027,Q9BZL3
H2BC12,85236,O60814
ATCAY,85300,Q86WG3
COL27A1,85301,Q8IZC6
PAQR8,85315,Q8TEZ7
SHISAL1,85352,Q3SXP7
SYDE1,85360,Q6ZW31
TRIM5,85363,Q9C035
KIAA1671,85379,Q9BY89
NKD1,85407,Q969G9
NKD2,85409,Q969F2
SLC45A3,85414,Q96JT2
RHPN2,85415,Q8IUC4
ZIC5,85416,Q96T25
STON2,85439,Q8WXE9
HELZ2,85441,Q9BYK8
ITPRIP,85450,Q8IWB1
TSPYL5,85453,Q86VY4
DIXDC1,85458,Q155Q3
ZNF518B,85460,Q9C0D4
TANC1,85461,Q9C0D5
FHDC1,85462,Q9C0D6
ZC3H12C,85463,Q9C0D7
SCIN,85477,Q9Y6U3
NAV3,89795,Q8IVL0
NAV1,89796,Q8NEY1
NAV2,89797,Q8IVL1
FGD3,89846,Q5JSP0
FCHSD1,89848,Q86WN1
ATG16L2,89849,Q8NAA4
MVB12B,89853,Q9H7P6
KLHL6,89857,Q8WZ60
TRIM15,89870,Q9C019
BMERB1,89927,Q96MC5
PAPLN,89932,O95428
GLB1L2,89944,Q8IW92
SYT8,90019,Q8NBV8
CCDC120,90060,Q96HB5
PHLDB2,90102,Q86SQ0
VWA5B2,90113,Q8N398
BTBD6,90135,Q96KE9
TSPAN18,90139,Q96SJ8
HS6ST2,90161,Q96MM7
SNX21,90203,Q969T3
UCN2,90226,Q96RP3
UNC5A,90249,Q6ZN44
CEACAM21,90273,Q3KPI0
KLHL13,90293,Q9P2N7
FAM110B,90362,Q8TC76
BMF,90427,Q96LC9
SHF,90525,Q7M4L6
CCDC74A,90557,Q96AQ1
ZNF439,90594,Q8NDP4
STARD13,90627,Q9Y3M8
N4BP2L1,90634,Q5TBK1
ZNF486,90649,Q96H40
SEC11C,90701,Q9BY50
PAGE5,90737,Q96GU1
TCEAL8,90843,Q8IYN2
SPOCD1,90853,Q6ZMY3
IL33,90865,O95760
ZNF697,90874,Q5TEC3
ESAM,90952,Q96AP7
CREB3L1,90993,Q96BA8
FMNL3,91010,Q8IVF7
CCDC149,91050,Q6ZUS6
TRIM47,91107,Q96LD4
ZNF682,91120,O95780
IGFN1,91156,Q86VF2
SCARF2,91179,Q96GP6
DERL3,91319,Q96Q80
DDX60L,91351,Q5H9U9
UAP1L1,91373,Q3KQV9
SESTD1,91404,Q86VW0
CCDC74B,91409,Q96LY2
PKDCC,91461,Q504Y2
PCED1B,91523,Q96HM7
ANKRD44,91526,Q8N8A2
RSAD2,91543,Q8WXG1
SLFN11,91607,Q7Z7L1
RASL10B,91608,Q96S79
DEPDC7,91614,Q96QD5
NEXN,91624,Q0ZGT2
BOC,91653,Q9BWV1
MYADM,91663,Q96S97
SYT12,91683,Q8IV01
LONRF1,91694,Q17RB8
ZNF804A,91752,Q7Z570
CABLES1,91768,Q8TDN4
NXPE3,91775,Q969Y0
CHRDL1,91851,Q9BU40
CALML4,91860,Q96GE6
MARVELD3,91862,Q96A59
C11orf52,91894,Q96A22
ARRDC4,91947,Q8NCT1
ZNF300,91975,Q96RE9
ZC3HAV1L,92092,Q96H79
DSEL,92126,Q8IZU8
MTSS2,92154,Q765P7
DAPL1,92196,A0PJW8
CDHR1,92211,Q96JP9
RCSD1,92241,Q6JBY9
CAPN13,92291,Q6MZZ7
MEX3A,92312,A1L020
CRB3,92359,Q9BUF7
PXYLP1,92370,Q8TE99
CHMP4C,92421,Q96CF2
SPECC1,92521,Q5M775
BICDL1,92558,Q6ZP65
FAM114A1,92689,Q8IWE2
DNER,92737,Q8NFT8
SLC38A5,92745,Q8WUX1
BPIFB1,92747,Q8TDL5
H2AC25,92815,Q7L7L0
REEP6,92840,Q96HR9
ADAMTSL1,92949,Q8N6G6
B3GNT7,93010,Q8NFL0
DMKN,93099,Q6E0U4
NAPRT,93100,Q6XQN6
ORAI3,93129,Q9BRQ5
OLFM2,93145,O95897
LEMD1,93273,Q68G75
SP140L,93349,Q9H930
SDR42E1,93517,Q8WUS8
CACNA2D4,93589,Q7Z3S7
FBXO44,93611,Q9H4M3
CGB5,93659,P0DN86
ARHGAP18,93663,Q8N392
CADPS2,93664,Q86UW7
TTYH2,94015,Q9BSA4
MUC16,94025,Q8WXI7
LRRC4B,94030,Q9NT99
HTRA3,94031,P83110
CAMK2N2,94032,Q96S95
CGB8,94115,P0DN86
SYTL3,94120,Q4VX76
SYTL4,94121,Q96C24
SYTL5,94122,Q8TDW5
FOXQ1,94234,Q9C009
EPSTI1,94240,Q96J88
TP53INP1,94241,Q96A56
PPP1R14A,94274,Q96A00
EGLN3,112399,Q9H6Z9
CAVIN3,112464,Q969G5
PRRT2,112476,Q7Z6L0
CMTM7,112616,Q96FZ5
GLMP,112770,Q8WWB7
PHF21B,112885,Q96EK2
PLCD3,113026,Q8N3E9
AHNAK2,113146,Q8IVF2
KIF12,113220,Q96FN5
MISP3,113230,Q96FF7
SLC46A1,113235,Q96NT5
GLCCI1,113263,Q86VQ1
SLC52A3,113278,Q9NQ40
TMEM54,113452,Q969K7
ADPRHL1,113622,Q8NDY3
SDSL,113675,Q96GA7
PIK3IP1,113791,Q96FE7
HENMT1,113802,Q5T8I9
FAM83F,113828,Q8NEG4
ZNF257,113835,Q9Y2Q1
TRIM9,114088,Q9C026
MAL2,114569,Q969L2
CYGB,114757,Q8WWM9
CARD16,114769,Q5EG05
GPRIN1,114787,Q7Z2K8
FMNL2,114793,Q96PY5
ELFN2,114794,Q5R3F8
TMEM200A,114801,Q86VY9
RNF157,114804,Q96PX1
GALNT13,114805,Q8IUC8
KLHL29,114818,Q96CT2
RHPN1,114822,Q8TCX5
SLAMF6,114836,Q96DU3
OSBPL1A,114876,Q9BXW6
OSBPL5,114879,Q9H0X9
OSBPL6,114880,Q9BZF3
OSBPL10,114884,Q9BXB5
C1QTNF1,114897,Q9BXJ1
C1QTNF3,114899,Q9BXJ4
C1QTNF6,114904,Q9BXI9
FBXO32,114907,Q969P5
GPRASP2,114928,Q96D09
VASN,114990,Q6EMK4
ZNF618,114991,Q5T7W0
CGAS,115004,Q8N884
MARCHF3,115123,Q86UD3
KCTD12,115207,Q96CX2
DDIT4L,115265,Q96D03
FBXO17,115290,Q96EF6
GBP4,115361,Q96PP9
GBP5,115362,Q96PP8
ARHGEF25,115557,Q86VW2
TENT5B,115572,Q96A09
ALPK2,115701,Q86TB3
ARHGAP33,115703,O14559
C12orf56,115749,Q8IXR9
ARL11,115761,Q969Q4
RAB3C,115827,Q96E17
CTHRC1,115908,Q96CG8
OSR2,116039,Q8N2R0
FAM210B,116151,Q96KR6
PHACTR3,116154,Q96KR7
TM4SF19,116211,Q96DZ7
TLCD1,116238,Q96CP7
RBP7,116362,Q96R05
LYPD1,116372,Q8N2G4
TM4SF18,116441,Q96CE8
RAB39B,116442,Q96DA2
NIBAN1,116496,Q9BZQ8
RPL39L,116832,Q96EH5
SLC18B1,116843,Q6NT16
LRG1,116844,P02750
ARAP2,116984,Q8WZ64
AGAP2,116986,Q99490
AGAP1,116987,Q9UPQ3
CATSPER1,117144,Q8NEC5
THEM4,117145,Q5T1C6
RAB3IP,117177,Q96QF0
SLC16A10,117247,Q8TF71
TAGAP,117289,Q8N103
TWIST2,117581,Q8WVJ9
TRIM6,117854,Q9C030
ANTXR2,118429,P58335
MUCL1,118430,Q96DR8
PRAP1,118471,Q96NZ9
ZNF488,118738,Q96MN9
PIK3AP1,118788,Q6ZUJ8
MORN4,118812,Q8NDC4
ANKRD22,118932,Q5VYY1
GSTO2,119391,Q9H4Y5
CLRN3,119467,Q8NCR9
IFTAP,119710,Q86VG3
LARGE2,120071,Q8N3Y3
SLC36A4,120103,Q6YBV0
TMEM45B,120224,Q96B21
POU2AF3,120376,A8K830
TMEM52B,120939,Q4KMG9
LRIG3,121227,Q6UXM1
GTSF1,121355,Q8WW33
IKBIP,121457,Q70UQ0
ERP27,121506,Q96DN0
FGD4,121512,Q96M96
ABTB3,121551,A6QL63
SLAIN1,122060,Q8ND83
PLD4,122618,Q96BZ4
ADSS1,122622,Q8N142
FRMD6,122786,Q96NE9
JDP2,122953,Q8WYK2
ACOT4,122970,Q8N9L9
TC2N,123036,Q8N9U0
SLC25A29,123096,Q8N8R3
DEGS2,123099,Q6QHC5
CMTM3,123920,Q96MX0
ZG16B,124220,Q96DA0
CDYL2,124359,Q8N8U2
SNX20,124460,Q7Z614
MSI2,124540,Q96DH6
SEZ6,124925,Q53EL9
SLC43A2,124935,Q8N370
GGT6,124975,Q6P531
SPNS2,124976,Q8IVW8
TBC1D16,125058,Q8TBP0
TTC39C,125488,Q8N584
CPT1C,126129,Q8TCG5
MFSD12,126321,Q6NUT3
MISP,126353,Q8IVT2
WTIP,126374,A6NIX2
HSPB6,126393,O14558
RINL,126432,Q6ZS11
FBXO27,126433,Q8NI29
ANKLE1,126549,Q8NAG6
KDF1,126695,Q8NAX2
KLHDC9,126823,Q8NEP7
IFFO2,126917,Q5TF58
SLC44A3,126969,Q8N4M1
LYPLAL1,127018,Q5VWZ2
GJB4,127534,Q9NTQ9
DNAH14,127602,Q0VDD8
GOLT1A,127845,Q6ZVE7
LIX1L,128077,Q8IVB5
TMEM125,128218,Q96AQ2
ARHGEF19,128272,Q8IW93
NKAIN4,128414,Q8IVV8
VSTM2L,128434,Q96N03
TSHZ2,128553,Q9NRE2
EMID1,129080,Q96A84
TRABD2A,129293,Q86V40
CMPK2,129607,Q5EBM0
MBOAT2,129642,Q6ZWT7
FBLN7,129804,Q53RD9
PLEKHH2,130271,Q8IVE3
AP1S3,130340,Q96PC3
SGPP2,130367,Q8IWX5
LYPD6,130574,Q86Y78
LYPD6B,130576,Q8NI32
GALM,130589,Q96C23
TMEM198,130612,Q66K66
FAM131A,131408,Q6UXB0
DCBLD2,131566,Q96PD2
FAM43A,131583,Q8N2R8
IL17RE,132014,Q8NFR9
GLYCTK,132158,Q8IVS8
OCIAD2,132299,Q56VL3
CPEB2,132864,Q7Z5Q1
SLC9B2,133308,Q86UD5
IL31RA,133396,Q8NI17
EMB,133418,Q6PCB8
EGFLAM,133584,Q63HQ2
CMBL,134147,Q96DG6
AFAP1L1,134265,Q8TED9
TMEM171,134285,Q8WVE6
STARD4,134429,Q96DR4
SHROOM1,134549,Q2M3G4
RIPPLY2,134701,Q5TAB7
NCOA7,135112,Q8NI08
CD109,135228,Q6YHK3
PM20D2,135293,Q8IYS1
SRSF12,135295,Q8WXF0
C6orf141,135398,Q5SZD1
TMEM139,135932,Q8IV31
COL26A1,136227,Q96A83
CLDN23,137075,Q96B33
CIBAR1,137392,A1XBS5
TMEM71,137835,Q6P5X7
LETM2,137994,Q2VYF4
NACC2,138151,Q96BF6
DIPK1B,138311,Q5VUD6
DOCK11,139818,Q5JSL3
ASB9,140462,Q96DX5
ZNF358,140467,Q9NW07
S100A16,140576,Q96FQ6
SELENOM,140606,Q8WWX9
ZFP28,140612,Q8NHY6
NOL4L,140688,Q96MY1
MTCL2,140710,O94964
RIMS4,140730,Q9H426
MACROD2,140733,A1Z1Q3
TMEM37,140738,Q8WXS4
NRSN1,140767,Q8IZ57
SRXN1,140809,Q9BYN0
RIPOR3,140876,Q96MK2
SIRPA,140885,P78324
MPP7,143098,Q5T2T1
LDLRAD3,143458,Q86YD5
MUC15,143662,Q8N387
SESN3,143686,P58005
ARHGAP42,143872,A6NI28
POGLUT3,143888,Q7Z4H8
LAYN,143903,Q6UX15
PLEKHA7,144100,Q6IQ23
PRICKLE1,144165,Q96MT3
RFLNA,144347,Q6ZTI6
CPNE8,144402,Q86YQ8
CFAP251,144406,Q8TBY9
BEST3,144453,Q8N1M1
KRT80,144501,Q6KB66
MIPOL1,145282,Q8TD10
TTC7B,145567,Q86TV6
FAM81A,145773,Q8TBF8
HAPLN3,145864,Q96S86
NRG4,145957,Q8WWG1
CARMIL2,146206,Q6F5E8
CMTM4,146223,Q8IZR5
FBXL16,146330,Q8N461
BICDL2,146439,A1A5D9
MGAT5B,146664,Q3V5L5
SLFN13,146857,Q68D06
NOTUM,147111,Q6P988
TMC8,147138,Q8IU68
CCBE1,147372,Q6UXH8
CBLN2,147381,Q8IUK8
ANKRD29,147463,Q8N6D5
APCDD1,147495,Q8J025
SPACA6,147650,W5XKT8
ZNF418,147686,Q8TF45
KLC3,147700,Q6P597
TMC4,147798,Q7Z404
DACT3,147906,Q96B18
IGFL2,147920,Q6UWQ7
CAPN12,147968,Q6ZSI9
ZNF558,148156,Q96NG5
CDC42EP5,148170,Q6NZY7
ZNF738,148203,Q8NE65
ZNF714,148206,Q96N38
ATP8B3,148229,O60423
DIRAS1,148252,O95057
ZNF569,148266,Q5MCW4
SAMD11,148398,Q96NU1
CIART,148523,Q8N365
TLCD4,148534,Q96MV1
CNIH3,149111,Q8TBE1
MANEAL,149175,Q5VSG8
FAM78B,149297,Q5VT40
SHISA4,149345,Q96DD7
C1orf210,149466,Q8IVY1
BTBD19,149478,C9JJ37
SIK1,150094,P57059
MEI1,150365,Q5TIA1
PHETA2,150368,Q6ICB4
C2orf15,150590,Q8WU43
PROM2,150696,Q8N271
FBXO41,150726,Q8TF61
GPAT2,150763,Q6NUI2
ITPRIPL1,150771,Q6GPH6
GAREM2,150946,Q75VX8
SEPTIN10,151011,Q9P0V9
ERFE,151176,Q4G0M1
KLHL23,151230,Q8NBE8
PPP1R1C,151242,Q8WVI7
FAHD2B,151313,Q6P2I3
LRATD1,151354,Q96KN4
SLC16A14,151473,Q7RTX9
MSL3B,151507,P0C860
DTX3L,151636,Q8TDB6
LRRC34,151827,Q8IZ02
CCDC80,151887,Q76M96
MB21D2,151963,Q8IYB1
GLIPR2,152007,Q9H4G4
ROPN1B,152015,Q9BZX4
CCDC50,152137,Q8IVM0
CMTM8,152189,Q8IZV2
IGSF11,152404,Q5DX21
NIPAL1,152519,Q6NVV3
SHISA3,152573,A0PJX4
ZNF595,152687,Q8IYB9
PPM1K,152926,Q8N3J5
RASGEF1B,153020,Q0VAM2
DAB2IP,153090,Q5VWQ8
PLEKHG4B,153478,Q96PX9
MARVELD2,153562,Q8N4S9
IRX2,153572,Q9BZI1
BTNL9,153579,Q6UXG8
PRELID2,153768,Q8N945
SH3RF2,153769,Q8TEC5
CNKSR3,154043,Q6P9H4
SLC2A12,154091,Q8TD20
MBOAT1,154141,Q6ZNC8
RNF217,154214,Q8TC41
AMOT,154796,Q4VCS5
AMOTL1,154810,Q8IY63
ATP6V0E2,155066,Q8NHE4
METTL27,155368,Q8N6F8
AGR3,155465,Q8TD06
PRAG1,157285,Q86YV5
RDH10,157506,Q8IZV5
LRATD2,157638,Q96KN1
TDRP,157695,Q86YL5
RASEF,158158,Q8IZ41
PRUNE2,158471,Q8WUY3
CSAG1,158511,Q6PB30
FAAH2,158584,Q6GMR7
TMTC2,160335,Q8N394
ALDH1L2,160428,Q3SY69
TAMALIN,160622,Q7Z6J2
TMEM229B,161145,Q8NBD8
SYNE3,161176,Q6ZMZ3
TMEM30B,161291,Q3MIR4
EML5,161436,Q05BV3
SPRED1,161742,Q7Z699
ITPRIPL2,162073,Q3MIP1
SLFN5,162394,Q08AF3
TMEM92,162461,Q6UXU6
ZNF610,162963,Q8N9Z0
ZNF320,162967,A2RRD8
ZNF114,163071,Q8NC26
SYNE4,163183,Q8N205
IFNLR1,163702,Q8IU57
CITED4,163732,Q96RK1
PAQR7,164091,Q86WK9
APCDD1L,164284,Q8NCL9
LRRN4,164312,Q8WUT4
LONRF2,164832,Q1L5Z9
FAM171B,165215,Q6P995
PARP15,165631,Q460N3
SPTSSB,165679,Q8NFR3
PRICKLE2,166336,Q7Z3G6
DCLK2,166614,Q8N568
ADGRA3,166647,Q8IWK6
RASSF6,166824,Q6ZTQ3
SGMS2,166929,Q8NHU3
UGT3A2,167127,Q3SY77
PRSS35,167681,Q8N3Z0
CCDC71L,168455,Q8N9Z2
ZNF467,168544,Q7Z7K2
BHLHA15,168620,Q7RTS1
BMPER,168667,Q8N8U9
COL22A1,169044,Q8NFW1
TMEM64,169200,Q6YI46
OLFML2A,169611,Q68BL7
GLIS3,169792,Q8NEA6
ZNF883,169834,P0CG24
SPIN3,169981,Q5JUX0
TMEM273,170371,Q5T292
PWWP2B,170394,Q6NUJ5
ADAMTS15,170689,Q8TE58
COX7B2,170712,Q8TF08
PPP1R18,170954,Q6NYC8
RHOV,171177,Q96L33
SCAMP5,192683,Q8TAC9
SDR16C5,195814,Q8N3Y7
PLPP4,196051,Q5VZY2
MPZL3,196264,Q6UWV2
RILPL2,196383,Q969X0
DTX3,196403,Q8N9I9
TMT1B,196410,Q6UX53
PIANP,196500,Q8IYJ0
FAM24B,196792,Q8N5W8
GRAMD2A,196996,Q8IUY3
MLKL,197259,Q8NB16
DZIP1L,199221,Q8IYY4
ZNF585A,199704,Q6P3V2
CADM4,199731,Q8NFZ8
ZNF626,199777,Q68DY1
NIBAN3,199786,Q86XR2
CREG2,200407,Q8IUH2
KRTCAP3,200634,Q53RY4
LIPH,200879,Q8WWY8
RPL22L1,200916,Q6P5R6
KLHDC8B,200942,Q8IXV7
MUC20,200958,Q8N307
CEP112,201134,Q8N8E3
CENPV,201161,Q7Z7K6
ARHGAP27,201176,Q6ZUM4
SAMD14,201191,Q8IZD0
UNC13D,201294,Q70J99
SPNS3,201305,Q6ZMD2
SLC10A4,201780,Q96EP9
TMEM154,201799,Q6P9G4
SMIM14,201895,Q96QK8
STK32A,202374,Q8WU08
TMEM184A,202915,Q6ZMB5
ERICH5,203111,Q6P6B1
SUSD3,203328,Q96L08
CT83,203413,Q5H943
SLC25A43,203427,Q8WUT9
INTS6L,203522,Q5JSJ4
PAGE2,203569,Q7Z2X7
ANO5,203859,Q75V66
SLC44A5,204962,Q8NCS7
MTLN,205251,Q8NCU8
TRIML2,205860,Q8N7C3
SAMD9L,219285,Q8IVG5
ZCCHC24,219654,Q8N2G6
UNC5B,219699,Q8IZJ1
FAM241B,219738,Q96D05
RTKN2,219790,Q8IZC4
SLC37A2,219855,Q8TED4
TLCD5,219902,Q6ZRR5
VWCE,220001,Q96DN2
OTUD1,220213,Q5VV17
OAF,220323,Q86UD1
SLC16A9,220963,Q7RTY1
RASGEF1A,221002,Q8N9B8
FAM171A1,221061,Q5VUB5
ALKBH3,221120,Q96Q83
SPATA13,221178,Q96N96
CPNE2,221184,Q96FN4
ADGRG5,221188,Q8IZF4
BEND6,221336,Q5SZJ8
ADGRF4,221393,Q8IZF3
ADGRF5,221395,Q8IZF2
FGD2,221472,Q7Z6J4
RBM24,221662,Q9BX46
RNF182,221687,Q8N6D2
PHACTR1,221692,Q9C0D0
PXDC1,221749,Q5TGL8
VWDE,221806,Q8N2E2
JAZF1,221895,Q86VZ6
GPC2,221914,Q8N158
SDK1,221935,Q7Z5N4
MTURN,222166,Q8N3F0
PRR15,222171,Q8IV56
ELAPOR2,222223,A8MWY0
CDHR3,222256,Q6ZTQ4
BEND7,222389,Q8N7W2
FAM83B,222584,Q5T0W9
SLC29A4,222962,Q7RTT9
SEMA3D,223117,O95025
MAPK15,225689,Q8TD08
CTAG1A,246100,P78358
STAC3,246329,Q96MF2
SPESP1,246777,Q6UW49
FNDC5,252995,Q8NAU1
HEPACAM2,253012,A8MVW5
EPHX4,253152,Q8IUS5
ZBTB38,253461,Q8NAP3
ANKRD18A,253650,Q8IVF6
EBF3,253738,Q9H4W6
CERS6,253782,Q6ZMG9
MSRB3,253827,Q8IXL7
ASPHD1,253982,Q5U4P2
EHBP1L1,254102,Q8N3D4
CNIH2,254263,Q6PI25
PHYHD1,254295,Q5SRE7
PROSER2,254427,Q86WR7
MEIOB,254528,Q8N635
ZDHHC23,254887,Q8IYP9
MCOLN2,255231,Q8IZK6
EPGN,255324,Q6UW88
RNF144B,255488,Q7Z419
PCSK9,255738,Q8NBP7
NPNT,255743,Q6UXI9
SYT14,255928,Q8NB59
STEAP1B,256227,Q6NZ63
NUDT14,256281,O95848
ST6GALNAC3,256435,Q8NDV1
LYSMD2,256586,Q8IV50
MAMDC2,256691,Q7Z304
MAP7D2,256714,Q96T17
WDR72,256764,Q3MJ13
SERINC5,256987,Q86VE9
TINCR,257000,A0A2R8Y7D0
FRMD3,257019,A2A2Y4
ARHGAP30,257106,Q7Z6I6
GCSAM,257144,Q8N6F7
NEGR1,257194,Q7Z3B1
SNX33,257364,Q8WV41
C2orf72,257407,A6NCS6
SVIP,258010,Q8NHG7
ALS2CL,259173,Q60I27
HSPA12A,259217,O43301
NALCN,259232,Q8IZF0
STEAP2,261729,Q8NFT2
MDGA1,266727,Q8NFP4
MAGEA2B,266740,P43356
NAP1L5,266812,Q96NT1
ADGRF1,266977,Q5T601
OR51B5,282763,Q9H339
FUOM,282969,A2VDF0
MKX,283078,Q8IYA7
BCL9L,283149,Q86UU0
PGM2L1,283209,Q6PCE3
KLHL35,283212,Q6PF15
CRACR2B,283229,Q8N4Y2
CCDC88B,283234,A6NC98
RCOR2,283248,Q8IZ40
CD163L1,283316,Q9NR16
B4GALNT3,283358,Q6L9W6
SLC39A5,283375,Q6ZMH5
DPY19L2,283417,Q6NUT2
GAS2L3,283431,Q86XJ1
SLC46A3,283537,Q7Z3Q1
CEP170B,283638,Q9Y4F5
SLC24A5,283652,Q71RS6
PRTG,283659,Q2VWP7
CES4A,283848,Q5XG92
NPW,283869,Q8N729
C16orf54,283897,Q6UWD8
NUDT7,283927,P0C024
HID1,283987,Q8IV36
MILR1,284021,Q7Z6M3
FAM171A2,284069,A8MVW0
MEIOC,284071,A2RUB1
CAVIN1,284119,Q6NZI2
SLC26A11,284129,Q86WA9
METRNL,284207,Q641Q3
LAMA1,284217,P25391
KCTD1,284252,Q719H9
HMSD,284293,A8MTL9
ZIK1,284307,Q3SY52
TMEM145,284339,Q8NBT3
CXCL17,284340,Q6UXB2
EMC10,284361,Q5UCC4
ZFP82,284406,Q8N141
SMIM24,284422,O75264
ZNF493,284443,Q6ZR52
NBPF15,284565,Q8N660
EEIG2,284611,Q5T8I3
IAH1,285148,Q2TAA2
SLC9A9,285195,Q8IVB4
TPRG1,285386,Q6ZUI0
CYP4V2,285440,Q6ZWL3
DOK7,285489,Q18PE1
RNF212,285498,Q495C1
GPRIN3,285513,Q6ZVF9
SH3PXD2B,285590,A1X283
RGMB,285704,Q6NW40
DCBLD1,285761,Q8N8Z6
ATG9B,285973,Q674R7
XKR6,286046,Q5GH73
FAM83H,286077,Q6ZRV2
MICU3,286097,Q86XE3
TRIQK,286144,Q629K1
TUSC1,286319,Q2TAM9
FAM78A,286336,Q5JUQ0
LURAP1L,286343,Q8IV03
P2RY8,286530,Q86VZ1
EIF4E3,317649,Q8N5X7
CCDC85C,317762,A6NKD9
RAB37,326624,Q96AX2
RAB7B,338382,Q96AH8
ANO9,338440,A1A5B4
HCAR2,338442,Q8TDS4
B4GALNT4,338707,Q76KP1
TMEM119,338773,Q4V9L6
ADAMTSL5,339366,Q6ZMM2
TMEM52,339456,Q8NDY8
ARMH1,339541,Q6PIY5
C2orf74,339804,A8MZ97
NAT8L,339983,Q8N9F0
STING1,340061,Q86WV6
ARSI,340075,Q5FYB1
FAM221A,340277,A4D161
TSPAN33,340348,Q86UF1
NRBP2,340371,Q9NSY0
RTL5,340526,Q5HYW3
BEX5,340542,Q5H9J7
VWA2,340706,Q5GFL6
NANOS1,340719,Q8WY41
FMN1,342184,Q68DA7
ZNF677,342926,Q86XU0
PALM3,342979,A6NDB9
OR2W3,343171,Q7Z3T1
XKR7,343702,Q5GH72
CRACDL,343990,Q6NV74
FBLL1,345630,A6NHQ2
MACC1,346389,Q6ZN28
KLRG2,346689,A4D1S0
IGFBPL1,347252,Q8WX77
TUBB2B,347733,Q9BVA1
SERINC2,347735,Q96SA4
AMIGO2,347902,Q86SJ2
TMEM255B,348013,Q8WV15
RBPMS2,348093,Q6ZRY4
ARPIN,348110,Q7Z6K5
NMNAT3,349565,Q96T66
RTN4RL2,349667,Q86UN3
DNAAF3,352909,Q8N9W5
ZNF429,353088,Q86V71
RILPL1,353116,Q5EBL4
RFLNB,359845,Q8N5W9
GALNT18,374378,Q6P9A2
NCR3LG1,374383,Q68D85
FAM111B,374393,Q6SJ93
TBC1D10C,374403,Q8IV04
KIF7,374654,Q2M1P5
ZNF568,374900,Q3ZCX4
IGFL1,374918,Q6UW32
PEAR1,375033,Q5VY43
FAM89A,375061,Q96GI7
CERKL,375298,Q49MI3
NRROS,375387,Q86YC3
ENHO,375704,Q6UWT2
AGRN,375790,O00468
CYSRT1,375791,A8MQ03
RAB15,376267,P59190
RASL11A,387496,Q6T310
GPR153,387509,Q6NV75
ILDR2,387597,Q71H61
C11orf96,387763,Q7Z7L8
C12orf75,387882,Q8TAD7
SHISA2,387914,Q6UWI4
SERP2,387923,Q8N6R1
TMEM179,388021,Q6ZVK1
CCDC9B,388115,Q6ZUT6
INSYN1,388135,Q2T9L4
SBK1,388228,Q52WX2
LRRC75A,388341,Q8NAA5
TMEM238,388564,C9JI98
SMIM1,388588,B2RUZ4
RNF207,388591,Q6ZRF8
TRNP1,388610,Q6NT89
DIPK1A,388650,Q5T7M9
NOTCH2NLA,388677,Q7Z3S9
CAPN8,388743,A6NHC0
LRRC75B,388886,Q2VPJ9
SP5,389058,Q6BEB4
INKA1,389119,Q96EL1
VGLL3,389136,A8MV65
ANXA2R,389289,Q3ZCQ2
C5orf46,389336,Q6UWT4
ARHGEF37,389337,A1IGU5
SFTA2,389376,Q6UW10
LIN28B,389421,Q6ZN17
SAMD5,389432,Q5TGI4
IER5L,389792,Q5T953
PAGE2B,389860,Q5JRK9
CSAG3,389903,Q9Y5P2
ZNF793,390927,Q6ZN11
PINLYP,390940,A6NC86
AGMO,392636,Q6ZNB7
TMEM200B,399474,Q69YZ2
FAM174B,400451,Q3ZCQ3
TEX19,400629,Q8NA77
PRSS57,400668,Q6UWY2
ZNF880,400713,Q6PDB4
SH2D5,400745,Q6ZV89
C1orf226,400793,A1L170
CHCHD10,400916,Q8WYQ3
EML6,400954,Q6ZMW3
NICOL1,401115,Q5BLP8
C5orf63,401207,A6NC05
PRRT4,401399,C9JH25
OR2A7,401427,Q96R45
SAMD12,401474,Q8N8I0
C9orf152,401546,Q5JTZ5
GOLGA7B,401647,Q2TAP0
IFITM10,402778,A6NMD0
CUEDC1,404093,Q9NWM3
CTXN1,404217,P60606
C16orf74,404550,Q96GX8
ACBD7,414149,Q8N6N7
MXRA7,439921,P84157
CCDC88C,440193,Q9P219
GOLGA8B,440270,A8MQT2
SMIM22,440335,K7EJ46
NPIPB15,440348,A6NHN6
HSBP1L1,440498,C9JCN9
ZNF506,440515,Q5JVG8
BCL2L15,440603,Q5TBC7
H3-7,440686,Q5TEC6
RHEX,440712,Q6ZWK4
CIMAP1B,440836,A8MYP8
TMEM150C,441027,B9EJG8
MARCHF11,441061,A6NNE9
CALHM6,441168,Q5R3K3
AARD,441376,Q4LEZ3
NRARP,441478,Q7Z6K4
RTL8B,441518,Q17RB0
CT45A3,441519,Q8NHU0
ANKRD65,441869,E5RJM6
ARHGEF35,445328,A5YM69
PALM2AKAP2,445815,Q9Y2D5
F8A3,474384,P23610
EID3,493861,Q8N140
GPX8,493869,Q8TED1
ARK2C,494470,Q6ZSG1
CT45A1,541466,Q5HYN5
CKMT1A,548596,P12532
FAM72C,554282,H0Y354
H4C15,554313,P62805
FAM229B,619208,Q4G0N7
ZNF704,619279,Q6ZNC4
FAM110C,642273,Q1W6H9
MROH6,642475,A6NGR9
IQANK1,642574,A8MXQ7
GOLGA8N,643699,F8WBI6
FNDC10,643988,F2Z333
SMIM10,644538,Q96HG1
FAM83G,644815,A6ND36
PHGR1,644844,C9JFL3
GAGE13,645051,Q4V321
HRCT1,646962,Q6UXD1
C6orf132,647024,Q5T0Z8
ANKRD33B,651746,A6NCL7
XAGE1B,653067,Q9HD64
ANXA8,653145,P13928
XAGE1A,653220,Q9HD64
NCF1,653361,P14598
GSTT2B,653689,P0CG30
ACTR3C,653857,Q9C0K3
RNF208,727800,Q9H0X6
SSX2B,727837,Q16385
MUC5B,727897,Q9HC84
GXYLT2,727936,A0PJZ3
GOLGA8O,728047,A6NCC3
MAGED4,728239,Q96JG8
MAGEA9B,728269,P43362
CNTNAP3B,728577,Q96NU0
CCDC169,728591,A6NNP5
SPANXB1,728695,Q9NS25
SPANXA2,728712,Q9NS26
ZNF736,728927,B4DX44
GAGE12J,729396,A6NER3
GAGE2A,729447,Q6NT46
RGPD2,729857,P0DJD1
CIST1,729966,A0A2R8Y7Y5
SHISA9,729993,B4DS77
ZNF726,730087,A6NNF4
RFX8,731220,Q6ZV50
TMEM170B,100113407,Q5T4T1
C8orf88,100127983,P0DMB2
CCDC152,100129792,Q4G0S7
ZNF737,100129842,O75373
SMIM6,100130933,P0DI80
TSTD1,100131187,Q8NFU3
ARMCX4,100131755,Q5H9R4
ZNF717,100131827,Q9BY31
INSYN2B,100131897,A6NMK8
CD24,100133941,P25063
MEF2B,100271849,Q02080
RASA4B,100271927,C9J798
SMKR1,100287482,H3BMG3
NPIPA5,100288332,E9PKD4
ERVMER34-1,100288413,Q9H9K5
IGLL5,100423062,B9A064
KRBOX1,100506243,C9JBD0
OCLN,100506658,Q16625
TMEM178B,100507421,H3BS89
MICA,100507436,Q29983
MYZAP,100820829,P0CAP1
TMEM265,100862671,A0A087WTH1
NOTCH2NLB,100996763,P0DPK3
UPK3B,105375355,Q9BT76
UPK3BL2,107983993,E5RIL1
TMSB15C,122394733,P0DX04
